Index,x
164,2
165,2
166,2
167,2
168,2
169,2
170,2
171,2
172,2
173,2
174,2
175,2
176,2
177,2
178,2
179,2
180,2
181,2
182,2
183,2
184,2
185,2
186,2
187,2
188,2
189,2
190,2
191,2
192,2
193,2
194,2
195,2
196,2
197,2
198,2
199,2
200,2
201,2
202,2
203,2
204,2
205,2
206,2
207,2
208,2
209,2
210,2
211,2
212,2
213,2
214,2
215,2
216,2
217,2
218,2
219,2
220,2
221,2
222,2
223,2
224,2
225,2
226,2
227,2
228,2
229,2
230,2
231,2
232,2
233,2
234,2
235,2
236,2
237,2
238,2
239,2
240,2
241,2
242,2
243,2
244,2
245,2
246,2
247,2
248,2
249,2
250,2
251,2
252,2
253,2
254,2
255,2
256,2
257,2
258,2
259,2
260,2
261,2
262,2
263,2
264,2
265,2
266,2
267,2
268,2
269,2
270,2
271,2
272,2
273,2
274,2
275,2
276,2
277,2
278,2
279,2
280,2
281,2
282,2
283,2
284,2
285,2
286,2
287,2
288,2
289,2
290,2
291,2
292,2
293,2
294,2
295,2
296,2
297,2
298,2
299,2
300,2
301,2
302,2
303,2
304,2
305,2
306,2
307,2
308,2
309,2
310,2
311,2
312,2
313,2
314,2
315,2
316,2
317,2
318,2
319,2
320,2
321,2
322,2
323,2
324,2
325,2
326,2
327,2
328,2
329,2
330,2
331,2
332,2
333,2
334,2
335,2
336,2
337,2
338,2
339,2
340,2
341,2
342,2
343,2
344,2
345,2
346,2
347,2
348,2
349,2
350,2
351,2
352,2
353,2
354,2
355,2
356,2
357,2
358,2
359,2
360,2
361,2
362,2
363,2
364,2
365,2
366,2
367,2
368,2
369,2
370,2
371,2
372,2
373,2
374,2
375,2
376,2
377,2
378,2
379,2
380,2
381,2
382,2
383,2
384,2
385,2
386,2
387,2
388,2
389,2
390,2
391,2
392,2
393,2
394,2
395,2
396,2
397,2
398,2
399,2
400,2
401,2
402,2
403,2
404,2
405,2
406,2
407,2
408,2
409,2
410,2
411,2
412,2
413,2
414,2
415,2
416,2
417,2
418,2
419,2
420,2
421,2
422,2
423,2
424,2
425,2
426,2
427,2
428,2
429,2
430,2
431,2
432,2
433,2
434,2
435,2
436,2
437,2
438,2
439,2
440,2
441,2
442,2
443,2
444,2
445,2
446,2
447,2
448,2
449,2
450,2
451,2
452,2
453,2
454,2
455,2
456,2
457,2
458,2
459,2
460,2
461,2
462,2
463,2
464,2
465,2
466,2
467,2
468,2
469,2
470,2
471,2
472,2
473,2
474,2
475,2
476,2
477,2
478,2
479,2
480,2
481,2
482,2
483,2
484,2
485,2
486,2
487,2
488,2
489,2
490,2
491,2
492,2
493,2
494,2
495,2
496,2
497,2
498,2
499,2
500,2
501,2
502,2
503,2
504,2
505,2
506,2
507,2
508,2
509,2
510,2
511,2
512,2
513,2
514,2
515,2
516,2
517,2
518,2
519,2
520,2
521,2
522,2
523,2
524,2
525,2
526,2
527,2
528,2
529,2
530,2
531,2
532,2
533,2
534,2
535,2
536,2
537,2
538,2
539,2
540,2
541,2
542,2
543,2
544,2
545,2
546,2
547,2
548,2
549,2
550,2
551,2
552,2
553,2
554,2
555,2
556,2
557,2
558,2
559,2
560,2
561,2
562,2
563,2
564,2
565,2
566,2
567,2
568,2
569,2
570,2
571,2
572,2
573,2
574,2
575,2
576,2
577,2
578,2
579,2
580,2
581,2
582,2
583,2
584,2
585,2
586,2
587,2
588,2
589,2
590,2
591,2
592,2
593,2
594,2
595,2
596,2
597,2
598,2
599,2
600,2
601,2
602,2
603,2
604,2
605,2
606,2
607,2
608,2
609,2
610,2
611,2
612,2
613,2
614,2
615,2
616,2
617,2
618,2
619,2
620,2
621,2
622,2
623,2
624,2
625,2
626,2
627,2
628,2
629,2
630,2
631,2
632,2
633,2
634,2
635,2
636,2
637,2
638,2
639,2
640,2
641,2
642,2
643,2
644,2
645,2
646,2
647,2
648,2
649,2
650,2
651,2
652,2
653,2
654,2
655,2
656,2
657,2
658,2
659,2
660,2
661,2
662,2
663,2
664,2
665,2
666,2
667,2
668,2
669,2
670,2
671,2
672,2
673,2
674,2
675,2
676,2
677,2
678,2
679,2
680,2
681,2
682,2
683,2
684,2
685,2
686,2
687,2
688,2
689,2
690,2
691,2
692,2
693,2
694,2
695,2
696,2
697,2
698,2
699,2
700,2
701,2
702,2
703,2
704,2
705,2
706,2
707,2
708,2
709,2
710,2
711,2
712,2
713,2
714,2
715,2
716,2
717,2
718,2
719,2
720,2
721,2
722,2
723,2
724,2
725,2
726,2
727,2
728,2
729,2
730,2
731,2
732,2
733,7
734,2
735,2
736,2
737,2
738,2
739,2
740,2
741,2
742,2
743,2
744,2
745,2
746,2
747,2
748,2
749,2
750,2
751,2
752,2
753,2
754,2
755,2
756,2
757,2
758,2
759,2
760,2
761,2
762,2
763,2
764,2
765,2
766,2
767,2
768,2
769,2
770,2
771,2
772,2
773,2
774,2
775,2
776,2
777,2
778,2
779,2
780,2
781,2
782,2
783,2
784,2
785,2
786,2
787,2
788,2
789,2
790,2
791,2
792,2
793,2
794,2
795,2
796,2
797,2
798,2
799,2
800,2
801,2
802,2
803,2
804,2
805,2
806,2
807,2
808,2
809,2
810,2
811,2
812,2
813,2
814,2
815,2
816,2
817,2
818,2
819,2
820,2
821,2
822,2
823,2
824,2
825,2
826,2
827,2
828,2
829,2
830,2
831,2
832,2
833,2
834,2
835,2
836,2
837,2
838,2
839,2
840,2
841,2
842,2
843,2
844,2
845,2
846,2
847,2
848,2
849,2
850,2
851,2
852,2
853,2
854,2
855,2
856,2
857,2
858,2
859,2
860,2
861,2
862,2
863,2
864,2
865,2
866,2
867,2
868,2
869,2
870,2
871,2
872,2
873,2
874,2
875,2
876,2
877,2
878,2
879,2
880,2
881,2
882,2
883,2
884,2
885,2
886,2
887,2
888,2
889,2
890,2
891,2
892,2
893,2
894,2
895,2
896,2
897,2
898,2
899,2
900,2
901,2
902,2
903,2
904,2
905,2
906,2
907,2
908,2
909,2
910,2
911,2
912,2
913,2
914,2
915,2
916,2
917,2
918,2
919,2
920,2
921,2
922,2
923,2
924,2
925,2
926,2
927,2
928,2
929,2
930,2
931,2
932,2
933,2
934,2
935,2
936,2
937,2
938,2
939,2
940,2
941,2
942,2
943,2
944,2
945,2
946,2
947,2
948,2
949,2
950,2
951,2
952,2
953,2
954,2
955,2
956,2
957,2
958,2
959,2
960,2
961,2
962,2
963,2
964,2
965,2
966,2
967,2
968,2
969,2
970,2
971,2
972,2
973,2
974,2
975,2
976,2
977,2
978,2
979,2
980,2
981,2
982,2
983,2
984,2
985,2
986,2
987,2
988,1
989,1
990,2
991,2
992,2
993,2
994,2
995,2
996,2
997,2
998,2
999,2
1000,2
1001,2
1002,2
1003,2
1004,2
1005,2
1006,2
1007,2
1008,2
1009,2
1010,2
1011,2
1012,2
1013,2
1014,2
1015,2
1016,2
1017,2
1018,2
1019,2
1020,2
1021,2
1022,2
1023,2
1024,2
1025,2
1026,2
1027,2
1028,2
1029,2
1030,2
1031,2
1032,2
1033,2
1034,2
1035,2
1036,2
1037,2
1038,2
1039,2
1040,2
1041,2
1042,2
1043,2
1044,2
1045,2
1046,2
1047,2
1048,2
1049,2
1050,2
1051,2
1052,2
1053,2
1054,2
1055,2
1056,2
1057,2
1058,2
1059,2
1060,2
1061,2
1062,2
1063,2
1064,2
1065,2
1066,2
1067,2
1068,2
1069,2
1070,2
1071,2
1072,2
1073,2
1074,2
1075,2
1076,2
1077,2
1078,2
1079,2
1080,2
1081,2
1082,2
1083,2
1084,2
1085,2
1086,2
1087,2
1088,2
1089,2
1090,2
1091,2
1092,2
1093,2
1094,2
1095,2
1096,2
1097,2
1098,2
1099,2
1100,2
1101,2
1102,2
1103,2
1104,2
1105,2
1106,2
1107,2
1108,2
1109,2
1110,2
1111,2
1112,2
1113,2
1114,2
1115,2
1116,2
1117,2
1118,2
1119,2
1120,2
1121,2
1122,2
1123,2
1124,2
1125,2
1126,2
1127,2
1128,2
1129,2
1130,2
1131,2
1132,2
1133,2
1134,2
1135,2
1136,2
1137,2
1138,2
1139,2
1140,2
1141,2
1142,2
1143,2
1144,2
1145,2
1146,2
1147,2
1148,2
1149,2
1150,2
1151,2
1152,2
1153,2
1154,2
1155,3
1156,2
1157,2
1158,2
1159,2
1160,2
1161,2
1162,2
1163,2
1164,2
1165,2
1166,2
1167,2
1168,2
1169,2
1170,2
1171,2
1172,2
1173,2
1174,2
1175,2
1176,2
1177,2
1178,2
1179,2
1180,2
1181,2
1182,2
1183,2
1184,2
1185,2
1186,2
1187,2
1188,2
1189,2
1190,2
1191,2
1192,2
1193,2
1194,2
1195,2
1196,2
1197,2
1198,2
1199,2
1200,2
1201,2
1202,2
1203,2
1204,2
1205,2
1206,2
1207,2
1208,2
1209,2
1210,2
1211,2
1212,2
1213,2
1214,2
1215,2
1216,2
1217,2
1218,2
1219,2
1220,2
1221,2
1222,2
1223,2
1224,2
1225,2
1226,2
1227,2
1228,2
1229,2
1230,2
1231,2
1232,2
1233,2
1234,2
1235,2
1236,2
1237,2
1238,2
1239,2
1240,2
1241,2
1242,2
1243,2
1244,2
1245,2
1246,2
1247,2
1248,2
1249,2
1250,2
1251,2
1252,2
1253,2
1254,2
1255,2
1256,2
1257,2
1258,2
1259,2
1260,2
1261,2
1262,2
1263,2
1264,2
1265,2
1266,2
1267,2
1268,2
1269,2
1270,2
1271,2
1272,2
1273,2
1274,2
1275,2
1276,2
1277,2
1278,2
1279,2
1280,2
1281,6
1282,2
1283,2
1284,2
1285,2
1286,2
1287,2
1288,1
1289,2
1290,2
1291,2
1292,2
1293,2
1294,2
1295,2
1296,2
1297,2
1298,2
1299,2
1300,2
1301,2
1302,2
1303,2
1304,2
1305,4
1306,2
1307,2
1308,2
1309,2
1310,2
1311,2
1312,2
1313,2
1314,2
1315,2
1316,2
1317,2
1318,2
1319,2
1320,2
1321,2
1322,2
1323,2
1324,2
1325,2
1326,2
1327,2
1328,2
1329,2
1330,2
1331,2
1332,2
1333,2
1334,2
1335,2
1336,2
1337,2
1338,2
1339,2
1340,2
1341,2
1342,2
1343,2
1344,2
1345,2
1346,2
1347,2
1348,2
1349,2
1350,2
1351,2
1352,2
1353,2
1354,2
1355,2
1356,2
1357,2
1358,2
1359,2
1360,2
1361,2
1362,2
1363,2
1364,2
1365,2
1366,2
1367,2
1368,2
1369,2
1370,2
1371,2
1372,2
1373,2
1374,2
1375,2
1376,2
1377,2
1378,2
1379,2
1380,7
1381,1
1382,2
1383,2
1384,2
1385,2
1386,2
1387,2
1388,2
1389,2
1390,2
1391,2
1392,2
1393,2
1394,2
1395,2
1396,2
1397,2
1398,2
1399,2
1400,2
1401,2
1402,2
1403,2
1404,2
1405,2
1406,2
1407,2
1408,2
1409,2
1410,2
1411,2
1412,2
1413,2
1414,2
1415,2
1416,2
1417,2
1418,2
1419,2
1420,2
1421,2
1422,2
1423,2
1424,2
1425,2
1426,2
1427,2
1428,2
1429,2
1430,2
1431,2
1432,2
1433,2
1434,2
1435,2
1436,2
1437,2
1438,2
1439,2
1440,2
1441,2
1442,2
1443,2
1444,1
1445,2
1446,2
1447,6
1448,6
1449,2
1450,2
1451,2
1452,3
1453,2
1454,2
1455,2
1456,2
1457,2
1458,2
1459,2
1460,2
1461,2
1462,2
1463,2
1464,2
1465,2
1466,2
1467,2
1468,2
1469,2
1470,2
1471,2
1472,2
1473,2
1474,2
1475,2
1476,2
1477,2
1478,2
1479,2
1480,2
1481,2
1482,2
1483,2
1484,2
1485,2
1486,2
1487,2
1488,2
1489,2
1490,2
1491,2
1492,2
1493,2
1494,2
1495,2
1496,2
1497,2
1498,2
1499,2
1500,2
1501,2
1502,2
1503,2
1504,2
1505,2
1506,2
1507,7
1508,1
1509,1
1510,2
1511,2
1512,2
1513,2
1514,3
1515,2
1516,2
1517,2
1518,2
1519,2
1520,2
1521,2
1522,2
1523,2
1524,2
1525,2
1526,2
1527,2
1528,2
1529,2
1530,2
1531,2
1532,2
1533,2
1534,2
1535,2
1536,2
1537,2
1538,2
1539,2
1540,2
1541,2
1542,2
1543,2
1544,2
1545,2
1546,2
1547,2
1548,2
1549,2
1550,2
1551,2
1552,2
1553,2
1554,2
1555,2
1556,2
1557,2
1558,2
1559,2
1560,2
1561,2
1562,2
1563,2
1564,2
1565,2
1566,2
1567,2
1568,2
1569,1
1570,1
1571,1
1572,1
1573,1
1574,1
1575,6
1576,6
1577,2
1578,2
1579,2
1580,2
1581,4
1582,2
1583,3
1584,3
1585,2
1586,2
1587,7
1588,1
1589,2
1590,2
1591,2
1592,2
1593,2
1594,2
1595,2
1596,2
1597,2
1598,2
1599,2
1600,2
1601,2
1602,2
1603,2
1604,2
1605,2
1606,2
1607,2
1608,2
1609,2
1610,2
1611,2
1612,2
1613,2
1614,2
1615,2
1616,2
1617,2
1618,2
1619,2
1620,2
1621,2
1622,2
1623,2
1624,2
1625,2
1626,2
1627,2
1628,2
1629,2
1630,2
1631,2
1632,2
1633,2
1634,2
1635,2
1636,2
1637,2
1638,2
1639,2
1640,2
1641,2
1642,2
1643,2
1644,2
1645,3
1646,2
1647,1
1648,1
1649,1
1650,1
1651,1
1652,1
1653,1
1654,1
1655,6
1656,2
1657,2
1658,2
1659,2
1660,2
1661,2
1662,2
1663,2
1664,2
1665,2
1666,2
1667,2
1668,2
1669,2
1670,2
1671,2
1672,2
1673,2
1674,2
1675,2
1676,2
1677,2
1678,2
1679,2
1680,2
1681,2
1682,2
1683,2
1684,2
1685,3
1686,3
1687,3
1688,3
1689,3
1690,3
1691,3
1692,3
1693,3
1694,3
1695,6
1696,6
1697,6
1698,6
1699,6
1700,6
1701,6
1702,6
1703,6
1704,7
1705,1
1706,1
1707,2
1708,2
1709,4
1710,2
1711,3
1712,6
1713,2
1714,2
1715,2
1716,2
1717,2
1718,2
1719,2
1720,2
1721,2
1722,2
1723,2
1724,2
1725,2
1726,2
1727,2
1728,2
1729,2
1730,2
1731,2
1732,3
1733,2
1734,2
1735,3
1736,2
1737,3
1738,2
1739,3
1740,3
1741,3
1742,2
1743,2
1744,2
1745,2
1746,2
1747,2
1748,2
1749,2
1750,2
1751,2
1752,2
1753,2
1754,2
1755,2
1756,2
1757,2
1758,2
1759,2
1760,2
1761,1
1762,1
1763,1
1764,1
1765,1
1766,1
1767,1
1768,1
1769,1
1770,1
1771,2
1772,2
1773,2
1774,2
1775,2
1776,3
1777,3
1778,3
1779,3
1780,6
1781,6
1782,6
1783,6
1784,6
1785,6
1786,6
1787,6
1788,6
1789,6
1790,6
1791,2
1792,4
1793,3
1794,3
1795,3
1796,2
1797,2
1798,2
1799,2
1800,2
1801,2
1802,2
1803,2
1804,2
1805,2
1806,2
1807,2
1808,2
1809,2
1810,2
1811,2
1812,2
1813,2
1814,2
1815,2
1816,2
1817,2
1818,2
1819,2
1820,2
1821,2
1822,2
1823,2
1824,2
1825,2
1826,2
1827,2
1828,2
1829,2
1830,2
1831,2
1832,2
1833,1
1834,1
1835,1
1836,1
1837,1
1838,1
1839,1
1840,1
1841,1
1842,2
1843,2
1844,2
1845,2
1846,2
1847,2
1848,2
1849,2
1850,2
1851,2
1852,3
1853,3
1854,3
1855,3
1856,3
1857,3
1858,3
1859,3
1860,6
1861,2
1862,2
1863,2
1864,2
1865,2
1866,2
1867,2
1868,2
1869,2
1870,2
1871,2
1872,2
1873,2
1874,2
1875,2
1876,2
1877,2
1878,2
1879,2
1880,2
1881,2
1882,2
1883,2
1884,2
1885,2
1886,7
1887,1
1888,1
1889,2
1890,3
1891,2
1892,2
1893,2
1894,2
1895,3
1896,2
1897,6
1898,6
1899,6
1900,6
1901,6
1902,6
1903,6
1904,6
1905,6
1906,6
1907,6
1908,6
1909,2
1910,6
1911,3
1912,2
1913,3
1914,2
1915,2
1916,2
1917,2
1918,2
1919,2
1920,2
1921,2
1922,2
1923,2
1924,2
1925,2
1926,2
1927,2
1928,2
1929,2
1930,2
1931,2
1932,2
1933,2
1934,2
1935,2
1936,2
1937,2
1938,2
1939,2
1940,2
1941,2
1942,2
1943,1
1944,1
1945,1
1946,1
1947,1
1948,1
1949,1
1950,1
1951,1
1952,1
1953,2
1954,2
1955,2
1956,2
1957,2
1958,2
1959,2
1960,2
1961,2
1962,2
1963,2
1964,2
1965,2
1966,2
1967,3
1968,3
1969,3
1970,3
1971,3
1972,3
1973,3
1974,2
1975,2
1976,2
1977,2
1978,2
1979,2
1980,2
1981,2
1982,2
1983,2
1984,2
1985,2
1986,2
1987,2
1988,2
1989,2
1990,2
1991,2
1992,7
1993,1
1994,1
1995,2
1996,2
1997,2
1998,2
1999,3
2000,2
2001,2
2002,3
2003,3
2004,3
2005,3
2006,3
2007,1
2008,1
2009,1
2010,1
2011,1
2012,6
2013,6
2014,6
2015,6
2016,6
2017,6
2018,6
2019,6
2020,6
2021,4
2022,3
2023,2
2024,6
2025,2
2026,2
2027,2
2028,2
2029,2
2030,2
2031,2
2032,2
2033,2
2034,2
2035,2
2036,2
2037,2
2038,2
2039,2
2040,2
2041,2
2042,2
2043,2
2044,2
2045,2
2046,2
2047,2
2048,2
2049,2
2050,2
2051,2
2052,2
2053,2
2054,2
2055,2
2056,2
2057,2
2058,2
2059,2
2060,2
2061,2
2062,7
2063,1
2064,1
2065,2
2066,2
2067,2
2068,2
2069,2
2070,2
2071,2
2072,2
2073,2
2074,2
2075,2
2076,3
2077,2
2078,3
2079,3
2080,3
2081,3
2082,3
2083,3
2084,3
2085,2
2086,2
2087,2
2088,2
2089,2
2090,2
2091,2
2092,2
2093,2
2094,2
2095,2
2096,2
2097,2
2098,2
2099,2
2100,2
2101,2
2102,2
2103,2
2104,2
2105,2
2106,2
2107,2
2108,2
2109,2
2110,3
2111,3
2112,3
2113,3
2114,3
2115,3
2116,3
2117,3
2118,6
2119,6
2120,1
2121,6
2122,6
2123,6
2124,6
2125,6
2126,6
2127,6
2128,6
2129,6
2130,2
2131,3
2132,2
2133,3
2134,3
2135,2
2136,2
2137,6
2138,2
2139,2
2140,2
2141,2
2142,2
2143,2
2144,2
2145,2
2146,2
2147,2
2148,2
2149,2
2150,2
2151,2
2152,2
2153,2
2154,2
2155,2
2156,2
2157,2
2158,2
2159,2
2160,2
2161,2
2162,2
2163,2
2164,2
2165,2
2166,2
2167,2
2168,2
2169,2
2170,2
2171,2
2172,2
2173,2
2174,2
2175,7
2176,1
2177,1
2178,2
2179,2
2180,2
2181,2
2182,3
2183,2
2184,3
2185,3
2186,3
2187,3
2188,2
2189,3
2190,2
2191,2
2192,2
2193,2
2194,2
2195,2
2196,2
2197,2
2198,2
2199,2
2200,2
2201,2
2202,2
2203,2
2204,2
2205,2
2206,2
2207,2
2208,2
2209,2
2210,2
2211,2
2212,2
2213,2
2214,2
2215,2
2216,2
2217,2
2218,2
2219,2
2220,2
2221,2
2222,2
2223,2
2224,2
2225,2
2226,2
2227,2
2228,2
2229,2
2230,2
2231,2
2232,2
2233,2
2234,2
2235,2
2236,2
2237,2
2238,2
2239,2
2240,2
2241,2
2242,2
2243,2
2244,2
2245,2
2246,7
2247,1
2248,1
2249,3
2250,3
2251,2
2252,3
2253,2
2254,3
2255,3
2256,3
2257,3
2258,3
2259,3
2260,3
2261,2
2262,2
2263,2
2264,2
2265,2
2266,2
2267,2
2268,2
2269,2
2270,2
2271,2
2272,2
2273,2
2274,2
2275,2
2276,2
2277,2
2278,2
2279,2
2280,2
2281,2
2282,2
2283,2
2284,2
2285,2
2286,2
2287,2
2288,2
2289,3
2290,3
2291,3
2292,3
2293,3
2294,3
2295,3
2296,3
2297,6
2298,6
2299,6
2300,6
2301,6
2302,6
2303,6
2304,6
2305,6
2306,6
2307,1
2308,1
2309,1
2310,1
2311,1
2312,3
2313,2
2314,2
2315,3
2316,2
2317,2
2318,2
2319,2
2320,2
2321,2
2322,2
2323,2
2324,2
2325,2
2326,2
2327,2
2328,2
2329,2
2330,2
2331,2
2332,2
2333,2
2334,2
2335,2
2336,2
2337,2
2338,2
2339,2
2340,2
2341,2
2342,2
2343,2
2344,2
2345,2
2346,2
2347,2
2348,2
2349,2
2350,2
2351,2
2352,2
2353,2
2354,2
2355,2
2356,2
2357,2
2358,2
2359,7
2360,1
2361,1
2362,2
2363,3
2364,2
2365,3
2366,3
2367,3
2368,3
2369,3
2370,3
2371,3
2372,3
2373,3
2374,2
2375,2
2376,2
2377,2
2378,2
2379,2
2380,2
2381,2
2382,2
2383,2
2384,2
2385,2
2386,1
2387,2
2388,2
2389,2
2390,2
2391,2
2392,2
2393,2
2394,2
2395,2
2396,2
2397,2
2398,2
2399,2
2400,3
2401,3
2402,3
2403,3
2404,3
2405,3
2406,3
2407,3
2408,3
2409,3
2410,6
2411,6
2412,6
2413,6
2414,6
2415,6
2416,6
2417,6
2418,6
2419,6
2420,6
2421,2
2422,4
2423,3
2424,3
2425,6
2426,2
2427,2
2428,3
2429,2
2430,2
2431,2
2432,2
2433,2
2434,2
2435,7
2436,1
2437,1
2438,2
2439,2
2440,2
2441,2
2442,2
2443,2
2444,2
2445,2
2446,2
2447,2
2448,2
2449,2
2450,2
2451,2
2452,2
2453,2
2454,2
2455,2
2456,2
2457,2
2458,2
2459,2
2460,2
2461,2
2462,2
2463,2
2464,2
2465,2
2466,2
2467,2
2468,2
2469,2
2470,2
2471,2
2472,2
2473,2
2474,3
2475,3
2476,2
2477,2
2478,3
2479,3
2480,3
2481,3
2482,3
2483,3
2484,3
2485,3
2486,3
2487,2
2488,2
2489,2
2490,2
2491,2
2492,2
2493,2
2494,1
2495,1
2496,1
2497,1
2498,1
2499,1
2500,1
2501,1
2502,1
2503,2
2504,2
2505,2
2506,2
2507,2
2508,2
2509,2
2510,2
2511,2
2512,2
2513,2
2514,3
2515,3
2516,3
2517,3
2518,3
2519,3
2520,3
2521,3
2522,3
2523,6
2524,6
2525,6
2526,6
2527,6
2528,6
2529,6
2530,6
2531,6
2532,6
2533,6
2534,2
2535,4
2536,3
2537,3
2538,6
2539,2
2540,2
2541,3
2542,2
2543,2
2544,2
2545,2
2546,2
2547,2
2548,2
2549,7
2550,1
2551,1
2552,2
2553,2
2554,2
2555,2
2556,2
2557,2
2558,2
2559,2
2560,2
2561,2
2562,2
2563,2
2564,2
2565,2
2566,2
2567,2
2568,2
2569,2
2570,2
2571,2
2572,2
2573,2
2574,2
2575,2
2576,2
2577,2
2578,2
2579,2
2580,2
2581,2
2582,2
2583,2
2584,2
2585,2
2586,2
2587,2
2588,3
2589,2
2590,3
2591,2
2592,2
2593,3
2594,3
2595,3
2596,3
2597,3
2598,3
2599,3
2600,3
2601,2
2602,2
2603,2
2604,2
2605,2
2606,2
2607,2
2608,2
2609,2
2610,2
2611,2
2612,2
2613,2
2614,2
2615,2
2616,2
2617,2
2618,2
2619,2
2620,2
2621,2
2622,2
2623,2
2624,2
2625,2
2626,7
2627,1
2628,3
2629,3
2630,3
2631,3
2632,5
2633,3
2634,2
2635,2
2636,2
2637,2
2638,2
2639,2
2640,2
2641,2
2642,2
2643,2
2644,2
2645,2
2646,2
2647,2
2648,2
2649,2
2650,2
2651,2
2652,2
2653,2
2654,2
2655,2
2656,2
2657,2
2658,2
2659,2
2660,2
2661,2
2662,2
2663,2
2664,2
2665,2
2666,2
2667,2
2668,3
2669,3
2670,3
2671,3
2672,3
2673,3
2674,2
2675,3
2676,2
2677,2
2678,2
2679,2
2680,2
2681,2
2682,2
2683,1
2684,1
2685,1
2686,1
2687,1
2688,1
2689,1
2690,1
2691,1
2692,2
2693,2
2694,2
2695,2
2696,2
2697,2
2698,2
2699,2
2700,2
2701,2
2702,2
2703,3
2704,3
2705,3
2706,3
2707,3
2708,3
2709,3
2710,3
2711,6
2712,6
2713,6
2714,6
2715,6
2716,6
2717,6
2718,6
2719,6
2720,6
2721,6
2722,6
2723,2
2724,3
2725,3
2726,5
2727,3
2728,2
2729,2
2730,2
2731,2
2732,2
2733,2
2734,2
2735,2
2736,2
2737,2
2738,2
2739,7
2740,1
2741,1
2742,2
2743,2
2744,2
2745,2
2746,2
2747,2
2748,2
2749,2
2750,2
2751,2
2752,2
2753,2
2754,2
2755,2
2756,2
2757,2
2758,2
2759,2
2760,2
2761,2
2762,2
2763,2
2764,2
2765,2
2766,2
2767,2
2768,2
2769,2
2770,2
2771,2
2772,2
2773,2
2774,2
2775,2
2776,2
2777,2
2778,2
2779,2
2780,2
2781,3
2782,3
2783,3
2784,3
2785,3
2786,3
2787,3
2788,3
2789,3
2790,6
2791,3
2792,2
2793,2
2794,2
2795,2
2796,2
2797,2
2798,2
2799,2
2800,2
2801,2
2802,2
2803,2
2804,2
2805,2
2806,2
2807,2
2808,2
2809,2
2810,7
2811,7
2812,1
2813,2
2814,2
2815,2
2816,3
2817,3
2818,3
2819,3
2820,3
2821,3
2822,3
2823,6
2824,6
2825,6
2826,6
2827,6
2828,6
2829,6
2830,6
2831,6
2832,6
2833,6
2834,6
2835,6
2836,6
2837,2
2838,3
2839,3
2840,2
2841,3
2842,2
2843,2
2844,3
2845,2
2846,2
2847,2
2848,2
2849,2
2850,2
2851,2
2852,2
2853,2
2854,2
2855,2
2856,2
2857,2
2858,2
2859,2
2860,2
2861,2
2862,2
2863,2
2864,2
2865,2
2866,2
2867,1
2868,1
2869,1
2870,1
2871,1
2872,1
2873,1
2874,1
2875,1
2876,1
2877,2
2878,2
2879,2
2880,2
2881,2
2882,2
2883,2
2884,2
2885,2
2886,2
2887,2
2888,2
2889,2
2890,2
2891,2
2892,2
2893,2
2894,2
2895,3
2896,3
2897,3
2898,3
2899,3
2900,3
2901,3
2902,2
2903,3
2904,3
2905,2
2906,2
2907,2
2908,2
2909,2
2910,2
2911,2
2912,2
2913,2
2914,2
2915,2
2916,2
2917,2
2918,2
2919,2
2920,2
2921,2
2922,7
2923,1
2924,1
2925,2
2926,2
2927,2
2928,2
2929,2
2930,3
2931,3
2932,3
2933,3
2934,3
2935,3
2936,3
2937,3
2938,3
2939,6
2940,6
2941,6
2942,6
2943,6
2944,6
2945,6
2946,6
2947,6
2948,6
2949,6
2950,6
2951,6
2952,2
2953,2
2954,5
2955,4
2956,3
2957,3
2958,6
2959,2
2960,3
2961,2
2962,2
2963,2
2964,2
2965,2
2966,2
2967,2
2968,2
2969,2
2970,2
2971,2
2972,2
2973,2
2974,2
2975,2
2976,2
2977,2
2978,2
2979,2
2980,1
2981,1
2982,1
2983,1
2984,1
2985,1
2986,2
2987,2
2988,2
2989,2
2990,2
2991,2
2992,2
2993,2
2994,2
2995,2
2996,2
2997,2
2998,2
2999,2
3000,2
3001,2
3002,2
3003,2
3004,2
3005,3
3006,2
3007,2
3008,3
3009,3
3010,2
3011,3
3012,3
3013,3
3014,3
3015,3
3016,3
3017,3
3018,2
3019,3
3020,6
3021,2
3022,2
3023,2
3024,2
3025,2
3026,2
3027,2
3028,2
3029,2
3030,2
3031,2
3032,2
3033,2
3034,2
3035,2
3036,2
3037,2
3038,2
3039,2
3040,2
3041,2
3042,2
3043,2
3044,2
3045,2
3046,3
3047,3
3048,3
3049,1
3050,1
3051,1
3052,1
3053,1
3054,1
3055,1
3056,6
3057,1
3058,2
3059,2
3060,2
3061,2
3062,2
3063,2
3064,2
3065,2
3066,2
3067,2
3068,2
3069,2
3070,2
3071,2
3072,2
3073,2
3074,2
3075,2
3076,2
3077,2
3078,2
3079,2
3080,3
3081,3
3082,2
3083,3
3084,3
3085,3
3086,3
3087,3
3088,3
3089,3
3090,3
3091,3
3092,3
3093,6
3094,2
3095,2
3096,2
3097,2
3098,2
3099,2
3100,2
3101,2
3102,2
3103,2
3104,2
3105,2
3106,2
3107,7
3108,1
3109,1
3110,2
3111,2
3112,2
3113,2
3114,2
3115,2
3116,2
3117,2
3118,3
3119,3
3120,3
3121,3
3122,3
3123,3
3124,3
3125,3
3126,3
3127,3
3128,3
3129,6
3130,6
3131,6
3132,6
3133,6
3134,6
3135,6
3136,6
3137,6
3138,6
3139,6
3140,2
3141,4
3142,3
3143,3
3144,6
3145,2
3146,2
3147,3
3148,2
3149,2
3150,2
3151,2
3152,2
3153,2
3154,2
3155,2
3156,2
3157,2
3158,2
3159,2
3160,1
3161,2
3162,2
3163,1
3164,1
3165,1
3166,1
3167,1
3168,1
3169,1
3170,1
3171,2
3172,2
3173,2
3174,2
3175,2
3176,2
3177,2
3178,2
3179,2
3180,2
3181,2
3182,2
3183,2
3184,2
3185,2
3186,2
3187,2
3188,2
3189,2
3190,2
3191,2
3192,2
3193,3
3194,2
3195,3
3196,3
3197,3
3198,3
3199,3
3200,3
3201,3
3202,3
3203,3
3204,3
3205,3
3206,3
3207,6
3208,2
3209,2
3210,2
3211,2
3212,5
3213,7
3214,1
3215,1
3216,2
3217,2
3218,2
3219,2
3220,2
3221,2
3222,2
3223,2
3224,2
3225,2
3226,2
3227,1
3228,2
3229,1
3230,1
3231,1
3232,1
3233,1
3234,1
3235,1
3236,1
3237,1
3238,3
3239,6
3240,6
3241,6
3242,6
3243,6
3244,6
3245,6
3246,6
3247,6
3248,6
3249,6
3250,6
3251,6
3252,5
3253,4
3254,3
3255,3
3256,6
3257,2
3258,2
3259,3
3260,2
3261,2
3262,2
3263,2
3264,2
3265,2
3266,2
3267,2
3268,2
3269,2
3270,2
3271,2
3272,2
3273,2
3274,2
3275,2
3276,2
3277,2
3278,2
3279,2
3280,2
3281,2
3282,2
3283,2
3284,2
3285,7
3286,1
3287,1
3288,2
3289,2
3290,2
3291,2
3292,2
3293,2
3294,2
3295,2
3296,2
3297,2
3298,2
3299,2
3300,2
3301,2
3302,2
3303,2
3304,2
3305,3
3306,2
3307,3
3308,3
3309,2
3310,3
3311,3
3312,3
3313,3
3314,3
3315,3
3316,3
3317,3
3318,3
3319,3
3320,3
3321,2
3322,2
3323,2
3324,2
3325,2
3326,2
3327,2
3328,2
3329,2
3330,2
3331,2
3332,2
3333,2
3334,2
3335,2
3336,1
3337,1
3338,2
3339,2
3340,2
3341,1
3342,1
3343,1
3344,1
3345,1
3346,1
3347,1
3348,1
3349,3
3350,3
3351,6
3352,6
3353,6
3354,6
3355,6
3356,6
3357,6
3358,6
3359,6
3360,6
3361,6
3362,6
3363,6
3364,6
3365,2
3366,2
3367,4
3368,3
3369,3
3370,6
3371,2
3372,2
3373,6
3374,2
3375,2
3376,2
3377,2
3378,2
3379,2
3380,2
3381,2
3382,2
3383,2
3384,2
3385,2
3386,2
3387,2
3388,2
3389,2
3390,2
3391,2
3392,2
3393,2
3394,2
3395,2
3396,2
3397,7
3398,1
3399,1
3400,2
3401,2
3402,2
3403,2
3404,2
3405,2
3406,2
3407,2
3408,2
3409,2
3410,2
3411,2
3412,2
3413,2
3414,2
3415,2
3416,3
3417,2
3418,3
3419,3
3420,3
3421,3
3422,3
3423,3
3424,3
3425,6
3426,3
3427,3
3428,3
3429,3
3430,3
3431,3
3432,6
3433,2
3434,2
3435,2
3436,5
3437,5
3438,2
3439,5
3440,2
3441,5
3442,2
3443,2
3444,2
3445,2
3446,2
3447,2
3448,2
3449,2
3450,2
3451,2
3452,2
3453,2
3454,3
3455,3
3456,3
3457,3
3458,3
3459,3
3460,3
3461,3
3462,3
3463,3
3464,6
3465,6
3466,6
3467,7
3468,7
3469,6
3470,6
3471,6
3472,6
3473,6
3474,6
3475,6
3476,6
3477,2
3478,5
3479,4
3480,3
3481,3
3482,6
3483,2
3484,3
3485,6
3486,5
3487,2
3488,2
3489,2
3490,2
3491,2
3492,4
3493,3
3494,3
3495,3
3496,3
3497,3
3498,3
3499,3
3500,3
3501,3
3502,3
3503,3
3504,6
3505,2
3506,2
3507,5
3508,5
3509,2
3510,2
3511,2
3512,2
3513,2
3514,2
3515,2
3516,2
3517,2
3518,2
3519,2
3520,2
3521,2
3522,2
3523,2
3524,1
3525,1
3526,1
3527,1
3528,1
3529,1
3530,1
3531,1
3532,3
3533,3
3534,3
3535,3
3536,6
3537,6
3538,6
3539,6
3540,6
3541,6
3542,6
3543,6
3544,6
3545,6
3546,6
3547,6
3548,6
3549,2
3550,5
3551,4
3552,3
3553,3
3554,6
3555,5
3556,2
3557,6
3558,5
3559,2
3560,2
3561,2
3562,2
3563,2
3564,2
3565,2
3566,2
3567,2
3568,2
3569,2
3570,2
3571,2
3572,2
3573,2
3574,2
3575,2
3576,2
3577,2
3578,2
3579,7
3580,1
3581,1
3582,2
3583,2
3584,2
3585,2
3586,2
3587,2
3588,2
3589,2
3590,2
3591,2
3592,2
3593,2
3594,2
3595,2
3596,2
3597,2
3598,2
3599,2
3600,2
3601,3
3602,3
3603,3
3604,3
3605,3
3606,3
3607,3
3608,3
3609,3
3610,3
3611,3
3612,3
3613,3
3614,3
3615,3
3616,3
3617,3
3618,2
3619,5
3620,2
3621,5
3622,2
3623,2
3624,2
3625,2
3626,2
3627,2
3628,2
3629,2
3630,2
3631,2
3632,2
3633,2
3634,2
3635,2
3636,2
3637,2
3638,3
3639,3
3640,3
3641,3
3642,3
3643,3
3644,3
3645,3
3646,6
3647,6
3648,7
3649,7
3650,1
3651,6
3652,6
3653,6
3654,6
3655,6
3656,6
3657,6
3658,6
3659,6
3660,6
3661,2
3662,5
3663,4
3664,3
3665,3
3666,6
3667,5
3668,2
3669,6
3670,2
3671,2
3672,2
3673,2
3674,2
3675,2
3676,2
3677,2
3678,2
3679,2
3680,2
3681,2
3682,2
3683,2
3684,2
3685,2
3686,2
3687,2
3688,2
3689,2
3690,2
3691,2
3692,2
3693,2
3694,2
3695,2
3696,2
3697,2
3698,2
3699,2
3700,2
3701,2
3702,2
3703,2
3704,2
3705,1
3706,1
3707,1
3708,1
3709,1
3710,1
3711,1
3712,1
3713,1
3714,1
3715,3
3716,3
3717,3
3718,3
3719,3
3720,3
3721,6
3722,3
3723,3
3724,3
3725,3
3726,6
3727,2
3728,2
3729,5
3730,5
3731,5
3732,5
3733,5
3734,5
3735,5
3736,5
3737,5
3738,5
3739,2
3740,2
3741,2
3742,2
3743,2
3744,2
3745,2
3746,2
3747,2
3748,2
3749,3
3750,3
3751,3
3752,3
3753,3
3754,3
3755,3
3756,3
3757,3
3758,3
3759,3
3760,6
3761,6
3762,6
3763,6
3764,7
3765,6
3766,6
3767,6
3768,6
3769,6
3770,6
3771,6
3772,2
3773,2
3774,5
3775,4
3776,3
3777,3
3778,6
3779,5
3780,2
3781,6
3782,2
3783,3
3784,2
3785,2
3786,2
3787,2
3788,2
3789,2
3790,2
3791,2
3792,2
3793,2
3794,2
3795,2
3796,2
3797,2
3798,2
3799,2
3800,2
3801,2
3802,2
3803,2
3804,2
3805,2
3806,2
3807,2
3808,2
3809,2
3810,2
3811,2
3812,2
3813,2
3814,2
3815,2
3816,2
3817,2
3818,2
3819,2
3820,2
3821,2
3822,2
3823,2
3824,3
3825,3
3826,3
3827,3
3828,3
3829,3
3830,3
3831,3
3832,3
3833,3
3834,3
3835,3
3836,3
3837,7
3838,1
3839,1
3840,6
3841,5
3842,2
3843,5
3844,5
3845,2
3846,5
3847,5
3848,5
3849,5
3850,2
3851,2
3852,2
3853,2
3854,2
3855,2
3856,2
3857,2
3858,2
3859,2
3860,2
3861,2
3862,2
3863,2
3864,2
3865,3
3866,3
3867,3
3868,3
3869,3
3870,3
3871,3
3872,3
3873,3
3874,3
3875,3
3876,3
3877,6
3878,6
3879,6
3880,6
3881,6
3882,6
3883,6
3884,6
3885,6
3886,6
3887,6
3888,5
3889,4
3890,3
3891,3
3892,3
3893,1
3894,1
3895,1
3896,1
3897,1
3898,1
3899,1
3900,1
3901,1
3902,3
3903,3
3904,3
3905,3
3906,3
3907,3
3908,3
3909,3
3910,3
3911,3
3912,3
3913,3
3914,3
3915,3
3916,6
3917,2
3918,5
3919,5
3920,5
3921,5
3922,5
3923,5
3924,5
3925,5
3926,5
3927,5
3928,5
3929,5
3930,2
3931,2
3932,2
3933,2
3934,2
3935,2
3936,2
3937,2
3938,3
3939,3
3940,3
3941,3
3942,3
3943,3
3944,3
3945,3
3946,3
3947,3
3948,7
3949,1
3950,6
3951,6
3952,6
3953,6
3954,6
3955,6
3956,6
3957,6
3958,6
3959,6
3960,6
3961,6
3962,5
3963,4
3964,3
3965,6
3966,6
3967,5
3968,2
3969,6
3970,5
3971,3
3972,2
3973,2
3974,5
3975,2
3976,2
3977,2
3978,2
3979,2
3980,2
3981,2
3982,2
3983,2
3984,2
3985,2
3986,2
3987,2
3988,2
3989,2
3990,2
3991,2
3992,2
3993,2
3994,2
3995,2
3996,2
3997,2
3998,2
3999,2
4000,2
4001,2
4002,2
4003,1
4004,1
4005,1
4006,1
4007,2
4008,2
4009,2
4010,2
4011,3
4012,3
4013,3
4014,3
4015,3
4016,3
4017,3
4018,3
4019,3
4020,7
4021,7
4022,1
4023,3
4024,3
4025,3
4026,3
4027,3
4028,6
4029,2
4030,2
4031,5
4032,5
4033,5
4034,5
4035,2
4036,5
4037,5
4038,5
4039,2
4040,2
4041,2
4042,2
4043,2
4044,2
4045,2
4046,2
4047,2
4048,2
4049,2
4050,3
4051,3
4052,3
4053,3
4054,3
4055,3
4056,3
4057,3
4058,3
4059,6
4060,6
4061,6
4062,6
4063,6
4064,6
4065,6
4066,6
4067,6
4068,6
4069,6
4070,6
4071,6
4072,6
4073,5
4074,4
4075,1
4076,3
4077,6
4078,1
4079,1
4080,1
4081,1
4082,1
4083,1
4084,1
4085,2
4086,2
4087,2
4088,2
4089,2
4090,2
4091,2
4092,2
4093,2
4094,2
4095,2
4096,2
4097,2
4098,2
4099,2
4100,2
4101,2
4102,2
4103,2
4104,2
4105,2
4106,2
4107,2
4108,2
4109,2
4110,2
4111,2
4112,2
4113,2
4114,2
4115,2
4116,2
4117,2
4118,2
4119,2
4120,2
4121,2
4122,2
4123,3
4124,3
4125,3
4126,3
4127,3
4128,3
4129,3
4130,3
4131,3
4132,3
4133,7
4134,1
4135,1
4136,3
4137,3
4138,3
4139,3
4140,3
4141,2
4142,2
4143,5
4144,5
4145,5
4146,5
4147,1
4148,5
4149,5
4150,5
4151,5
4152,2
4153,2
4154,2
4155,2
4156,2
4157,2
4158,2
4159,2
4160,2
4161,2
4162,2
4163,2
4164,2
4165,3
4166,3
4167,3
4168,3
4169,3
4170,3
4171,3
4172,3
4173,3
4174,3
4175,3
4176,3
4177,6
4178,6
4179,6
4180,6
4181,6
4182,6
4183,6
4184,6
4185,6
4186,6
4187,6
4188,5
4189,4
4190,3
4191,5
4192,3
4193,3
4194,5
4195,3
4196,5
4197,5
4198,2
4199,2
4200,2
4201,5
4202,2
4203,2
4204,5
4205,5
4206,2
4207,2
4208,7
4209,1
4210,2
4211,2
4212,2
4213,2
4214,5
4215,2
4216,2
4217,2
4218,2
4219,2
4220,2
4221,2
4222,2
4223,2
4224,2
4225,2
4226,2
4227,2
4228,2
4229,2
4230,2
4231,2
4232,2
4233,2
4234,2
4235,2
4236,2
4237,3
4238,3
4239,3
4240,3
4241,3
4242,3
4243,3
4244,3
4245,3
4246,3
4247,3
4248,3
4249,3
4250,3
4251,3
4252,3
4253,3
4254,3
4255,3
4256,5
4257,5
4258,5
4259,5
4260,5
4261,5
4262,5
4263,1
4264,1
4265,1
4266,1
4267,1
4268,1
4269,1
4270,1
4271,1
4272,1
4273,2
4274,2
4275,3
4276,3
4277,3
4278,3
4279,3
4280,3
4281,3
4282,3
4283,6
4284,6
4285,6
4286,6
4287,6
4288,6
4289,6
4290,6
4291,6
4292,6
4293,6
4294,6
4295,6
4296,6
4297,6
4298,2
4299,5
4300,5
4301,4
4302,3
4303,3
4304,6
4305,5
4306,2
4307,2
4308,2
4309,2
4310,2
4311,3
4312,3
4313,3
4314,3
4315,3
4316,3
4317,3
4318,3
4319,7
4320,1
4321,1
4322,3
4323,3
4324,3
4325,3
4326,3
4327,3
4328,2
4329,2
4330,5
4331,5
4332,5
4333,5
4334,5
4335,5
4336,5
4337,5
4338,5
4339,5
4340,5
4341,5
4342,5
4343,2
4344,2
4345,2
4346,2
4347,2
4348,2
4349,2
4350,3
4351,3
4352,3
4353,3
4354,3
4355,3
4356,3
4357,3
4358,3
4359,3
4360,6
4361,6
4362,6
4363,6
4364,6
4365,6
4366,6
4367,6
4368,6
4369,6
4370,6
4371,6
4372,5
4373,4
4374,3
4375,1
4376,1
4377,1
4378,1
4379,1
4380,1
4381,1
4382,1
4383,2
4384,5
4385,2
4386,5
4387,5
4388,5
4389,2
4390,5
4391,7
4392,1
4393,1
4394,2
4395,2
4396,2
4397,2
4398,2
4399,2
4400,2
4401,5
4402,2
4403,2
4404,2
4405,2
4406,2
4407,2
4408,2
4409,2
4410,2
4411,2
4412,2
4413,2
4414,2
4415,2
4416,2
4417,2
4418,3
4419,2
4420,2
4421,3
4422,3
4423,3
4424,3
4425,3
4426,3
4427,3
4428,3
4429,3
4430,3
4431,3
4432,3
4433,3
4434,3
4435,3
4436,3
4437,3
4438,6
4439,3
4440,2
4441,5
4442,2
4443,5
4444,5
4445,5
4446,1
4447,1
4448,1
4449,1
4450,1
4451,1
4452,1
4453,1
4454,1
4455,2
4456,2
4457,2
4458,2
4459,2
4460,3
4461,3
4462,3
4463,3
4464,3
4465,3
4466,3
4467,3
4468,3
4469,3
4470,3
4471,6
4472,6
4473,6
4474,6
4475,6
4476,6
4477,6
4478,6
4479,6
4480,6
4481,6
4482,6
4483,6
4484,5
4485,4
4486,3
4487,3
4488,6
4489,5
4490,5
4491,3
4492,5
4493,3
4494,2
4495,5
4496,2
4497,5
4498,5
4499,5
4500,5
4501,5
4502,7
4503,1
4504,1
4505,2
4506,2
4507,2
4508,5
4509,2
4510,2
4511,2
4512,2
4513,5
4514,2
4515,2
4516,2
4517,2
4518,2
4519,2
4520,2
4521,2
4522,2
4523,2
4524,2
4525,2
4526,2
4527,2
4528,2
4529,5
4530,2
4531,2
4532,2
4533,3
4534,3
4535,3
4536,3
4537,3
4538,3
4539,3
4540,3
4541,3
4542,3
4543,3
4544,3
4545,3
4546,3
4547,3
4548,3
4549,3
4550,6
4551,2
4552,5
4553,5
4554,5
4555,5
4556,5
4557,5
4558,5
4559,5
4560,1
4561,1
4562,1
4563,1
4564,1
4565,1
4566,1
4567,1
4568,1
4569,2
4570,3
4571,3
4572,3
4573,3
4574,3
4575,3
4576,3
4577,3
4578,3
4579,3
4580,3
4581,3
4582,3
4583,6
4584,6
4585,6
4586,6
4587,6
4588,6
4589,6
4590,6
4591,6
4592,6
4593,6
4594,6
4595,2
4596,2
4597,5
4598,4
4599,3
4600,3
4601,6
4602,5
4603,5
4604,6
4605,5
4606,2
4607,2
4608,5
4609,2
4610,5
4611,2
4612,2
4613,2
4614,2
4615,2
4616,5
4617,2
4618,5
4619,2
4620,2
4621,5
4622,2
4623,2
4624,2
4625,2
4626,2
4627,2
4628,2
4629,2
4630,2
4631,2
4632,1
4633,1
4634,1
4635,1
4636,1
4637,1
4638,1
4639,1
4640,1
4641,1
4642,2
4643,2
4644,3
4645,2
4646,2
4647,3
4648,3
4649,3
4650,3
4651,3
4652,3
4653,3
4654,3
4655,3
4656,3
4657,3
4658,3
4659,3
4660,3
4661,3
4662,3
4663,3
4664,3
4665,5
4666,5
4667,5
4668,5
4669,5
4670,5
4671,5
4672,5
4673,5
4674,5
4675,5
4676,5
4677,5
4678,5
4679,5
4680,5
4681,5
4682,5
4683,2
4684,2
4685,3
4686,3
4687,3
4688,3
4689,3
4690,7
4691,7
4692,1
4693,3
4694,3
4695,3
4696,6
4697,6
4698,6
4699,6
4700,6
4701,6
4702,6
4703,6
4704,6
4705,6
4706,6
4707,6
4708,5
4709,5
4710,4
4711,6
4712,5
4713,5
4714,2
4715,2
4716,2
4717,2
4718,3
4719,2
4720,3
4721,3
4722,3
4723,3
4724,3
4725,3
4726,3
4727,3
4728,3
4729,3
4730,3
4731,3
4732,3
4733,3
4734,3
4735,3
4736,6
4737,3
4738,5
4739,5
4740,5
4741,5
4742,5
4743,5
4744,5
4745,5
4746,1
4747,1
4748,1
4749,1
4750,1
4751,1
4752,1
4753,1
4754,1
4755,1
4756,1
4757,2
4758,2
4759,3
4760,3
4761,3
4762,3
4763,3
4764,3
4765,3
4766,3
4767,3
4768,3
4769,6
4770,6
4771,6
4772,6
4773,6
4774,6
4775,6
4776,6
4777,6
4778,6
4779,6
4780,6
4781,5
4782,4
4783,3
4784,3
4785,6
4786,5
4787,5
4788,6
4789,5
4790,3
4791,5
4792,2
4793,5
4794,5
4795,2
4796,2
4797,5
4798,2
4799,5
4800,5
4801,2
4802,2
4803,5
4804,5
4805,5
4806,5
4807,5
4808,2
4809,5
4810,2
4811,2
4812,2
4813,2
4814,2
4815,2
4816,2
4817,2
4818,2
4819,2
4820,1
4821,1
4822,1
4823,1
4824,1
4825,1
4826,1
4827,1
4828,1
4829,1
4830,1
4831,3
4832,3
4833,3
4834,3
4835,3
4836,3
4837,3
4838,3
4839,3
4840,3
4841,3
4842,3
4843,3
4844,3
4845,3
4846,3
4847,6
4848,3
4849,5
4850,5
4851,5
4852,5
4853,5
4854,5
4855,5
4856,5
4857,5
4858,5
4859,5
4860,5
4861,5
4862,5
4863,5
4864,5
4865,5
4866,5
4867,5
4868,3
4869,3
4870,3
4871,3
4872,3
4873,3
4874,3
4875,3
4876,7
4877,1
4878,1
4879,6
4880,6
4881,6
4882,6
4883,6
4884,6
4885,6
4886,6
4887,6
4888,6
4889,6
4890,6
4891,5
4892,5
4893,4
4894,3
4895,3
4896,6
4897,5
4898,3
4899,6
4900,5
4901,3
4902,2
4903,5
4904,2
4905,5
4906,2
4907,5
4908,2
4909,2
4910,5
4911,5
4912,2
4913,2
4914,5
4915,2
4916,5
4917,5
4918,2
4919,5
4920,5
4921,2
4922,5
4923,2
4924,2
4925,5
4926,2
4927,1
4928,1
4929,1
4930,1
4931,1
4932,1
4933,1
4934,1
4935,1
4936,1
4937,1
4938,1
4939,1
4940,1
4941,3
4942,3
4943,3
4944,3
4945,3
4946,3
4947,3
4948,3
4949,3
4950,3
4951,3
4952,3
4953,3
4954,3
4955,3
4956,3
4957,6
4958,5
4959,5
4960,5
4961,5
4962,5
4963,5
4964,5
4965,5
4966,5
4967,5
4968,5
4969,5
4970,5
4971,5
4972,5
4973,5
4974,5
4975,5
4976,5
4977,2
4978,3
4979,3
4980,3
4981,3
4982,3
4983,3
4984,3
4985,3
4986,3
4987,3
4988,6
4989,6
4990,6
4991,6
4992,6
4993,6
4994,6
4995,6
4996,6
4997,6
4998,6
4999,6
5000,6
5001,1
5002,1
5003,1
5004,4
5005,1
5006,1
5007,6
5008,1
5009,1
5010,6
5011,5
5012,3
5013,5
5014,2
5015,5
5016,5
5017,5
5018,5
5019,5
5020,5
5021,5
5022,5
5023,5
5024,5
5025,5
5026,5
5027,5
5028,5
5029,5
5030,5
5031,5
5032,5
5033,5
5034,5
5035,5
5036,5
5037,5
5038,5
5039,5
5040,5
5041,5
5042,5
5043,5
5044,5
5045,5
5046,5
5047,5
5048,5
5049,5
5050,5
5051,5
5052,3
5053,3
5054,3
5055,3
5056,3
5057,3
5058,7
5059,1
5060,1
5061,3
5062,3
5063,3
5064,3
5065,3
5066,3
5067,3
5068,3
5069,3
5070,3
5071,6
5072,1
5073,5
5074,5
5075,5
5076,5
5077,5
5078,5
5079,5
5080,5
5081,5
5082,5
5083,5
5084,5
5085,5
5086,5
5087,5
5088,5
5089,5
5090,5
5091,3
5092,3
5093,3
5094,3
5095,3
5096,3
5097,3
5098,3
5099,3
5100,3
5101,5
5102,5
5103,5
5104,5
5105,5
5106,5
5107,5
5108,5
5109,5
5110,2
5111,5
5112,5
5113,5
5114,1
5115,1
5116,1
5117,1
5118,1
5119,1
5120,1
5121,1
5122,1
5123,1
5124,3
5125,2
5126,2
5127,3
5128,3
5129,3
5130,3
5131,3
5132,3
5133,3
5134,3
5135,3
5136,3
5137,3
5138,3
5139,3
5140,3
5141,3
5142,3
5143,3
5144,6
5145,5
5146,5
5147,5
5148,5
5149,5
5150,5
5151,5
5152,5
5153,5
5154,5
5155,5
5156,5
5157,5
5158,5
5159,5
5160,5
5161,5
5162,5
5163,5
5164,5
5165,3
5166,3
5167,3
5168,3
5169,3
5170,3
5171,3
5172,3
5173,3
5174,3
5175,3
5176,6
5177,6
5178,6
5179,6
5180,6
5181,6
5182,6
5183,6
5184,6
5185,6
5186,6
5187,6
5188,6
5189,6
5190,1
5191,1
5192,1
5193,1
5194,4
5195,3
5196,6
5197,6
5198,1
5199,1
5200,5
5201,5
5202,3
5203,5
5204,5
5205,5
5206,5
5207,5
5208,5
5209,5
5210,5
5211,5
5212,5
5213,5
5214,5
5215,5
5216,5
5217,5
5218,5
5219,5
5220,5
5221,5
5222,5
5223,5
5224,5
5225,5
5226,5
5227,5
5228,5
5229,5
5230,5
5231,5
5232,5
5233,5
5234,5
5235,5
5236,5
5237,5
5238,5
5239,5
5240,5
5241,3
5242,3
5243,3
5244,3
5245,3
5246,3
5247,3
5248,7
5249,1
5250,3
5251,3
5252,3
5253,3
5254,3
5255,3
5256,3
5257,3
5258,3
5259,6
5260,5
5261,1
5262,5
5263,5
5264,5
5265,5
5266,5
5267,5
5268,5
5269,5
5270,5
5271,5
5272,5
5273,5
5274,5
5275,5
5276,5
5277,5
5278,5
5279,5
5280,3
5281,3
5282,3
5283,3
5284,3
5285,3
5286,3
5287,3
5288,3
5289,3
5290,6
5291,6
5292,6
5293,6
5294,6
5295,6
5296,6
5297,6
5298,6
5299,6
5300,6
5301,6
5302,6
5303,1
5304,5
5305,4
5306,1
5307,1
5308,6
5309,1
5310,1
5311,1
5312,1
5313,1
5314,1
5315,5
5316,5
5317,5
5318,5
5319,5
5320,5
5321,5
5322,5
5323,5
5324,3
5325,5
5326,5
5327,5
5328,5
5329,5
5330,5
5331,5
5332,5
5333,5
5334,5
5335,5
5336,5
5337,5
5338,5
5339,5
5340,5
5341,5
5342,5
5343,5
5344,5
5345,5
5346,5
5347,5
5348,5
5349,5
5350,5
5351,5
5352,3
5353,5
5354,3
5355,3
5356,3
5357,3
5358,3
5359,3
5360,3
5361,3
5362,3
5363,3
5364,3
5365,3
5366,3
5367,3
5368,3
5369,3
5370,3
5371,3
5372,3
5373,3
5374,5
5375,1
5376,1
5377,1
5378,1
5379,1
5380,1
5381,1
5382,1
5383,1
5384,1
5385,5
5386,5
5387,5
5388,5
5389,5
5390,5
5391,5
5392,3
5393,3
5394,3
5395,3
5396,3
5397,3
5398,3
5399,3
5400,3
5401,3
5402,3
5403,6
5404,6
5405,6
5406,6
5407,6
5408,6
5409,6
5410,6
5411,6
5412,6
5413,6
5414,6
5415,6
5416,5
5417,4
5418,3
5419,3
5420,6
5421,5
5422,5
5423,3
5424,5
5425,5
5426,5
5427,5
5428,5
5429,5
5430,7
5431,1
5432,1
5433,5
5434,5
5435,5
5436,5
5437,5
5438,5
5439,5
5440,5
5441,5
5442,5
5443,5
5444,1
5445,5
5446,5
5447,5
5448,5
5449,5
5450,5
5451,5
5452,5
5453,5
5454,5
5455,5
5456,5
5457,5
5458,5
5459,5
5460,5
5461,5
5462,5
5463,5
5464,5
5465,3
5466,3
5467,3
5468,3
5469,3
5470,3
5471,3
5472,3
5473,3
5474,3
5475,3
5476,3
5477,3
5478,3
5479,3
5480,3
5481,3
5482,6
5483,5
5484,5
5485,5
5486,5
5487,5
5488,1
5489,1
5490,1
5491,1
5492,1
5493,1
5494,1
5495,1
5496,1
5497,1
5498,5
5499,5
5500,5
5501,5
5502,5
5503,5
5504,5
5505,3
5506,3
5507,3
5508,5
5509,5
5510,5
5511,5
5512,5
5513,5
5514,5
5515,5
5516,5
5517,5
5518,5
5519,5
5520,5
5521,5
5522,5
5523,5
5524,5
5525,5
5526,5
5527,5
5528,5
5529,5
5530,5
5531,5
5532,5
5533,5
5534,5
5535,3
5536,3
5537,5
5538,3
5539,3
5540,3
5541,3
5542,3
5543,3
5544,3
5545,7
5546,1
5547,1
5548,6
5549,3
5550,3
5551,3
5552,3
5553,3
5554,6
5555,6
5556,1
5557,5
5558,5
5559,5
5560,5
5561,5
5562,5
5563,5
5564,5
5565,5
5566,5
5567,5
5568,5
5569,5
5570,5
5571,5
5572,5
5573,5
5574,5
5575,5
5576,5
5577,3
5578,3
5579,3
5580,3
5581,3
5582,3
5583,3
5584,3
5585,3
5586,3
5587,3
5588,6
5589,6
5590,6
5591,6
5592,6
5593,6
5594,6
5595,6
5596,6
5597,6
5598,6
5599,6
5600,6
5601,5
5602,5
5603,5
5604,4
5605,3
5606,3
5607,6
5608,5
5609,3
5610,5
5611,7
5612,1
5613,1
5614,5
5615,5
5616,5
5617,5
5618,5
5619,5
5620,5
5621,5
5622,5
5623,5
5624,5
5625,1
5626,5
5627,5
5628,5
5629,5
5630,5
5631,5
5632,5
5633,5
5634,5
5635,5
5636,5
5637,5
5638,5
5639,5
5640,5
5641,5
5642,5
5643,5
5644,5
5645,5
5646,5
5647,5
5648,5
5649,5
5650,5
5651,3
5652,3
5653,3
5654,3
5655,3
5656,3
5657,3
5658,3
5659,3
5660,3
5661,3
5662,3
5663,3
5664,3
5665,3
5666,3
5667,3
5668,1
5669,1
5670,1
5671,1
5672,1
5673,1
5674,1
5675,1
5676,1
5677,5
5678,5
5679,5
5680,5
5681,5
5682,5
5683,5
5684,5
5685,5
5686,5
5687,5
5688,5
5689,5
5690,3
5691,3
5692,3
5693,3
5694,3
5695,3
5696,3
5697,3
5698,3
5699,3
5700,6
5701,6
5702,6
5703,6
5704,6
5705,6
5706,6
5707,6
5708,6
5709,6
5710,6
5711,6
5712,6
5713,6
5714,5
5715,5
5716,4
5717,3
5718,3
5719,6
5720,5
5721,5
5722,3
5723,5
5724,7
5725,1
5726,1
5727,5
5728,5
5729,5
5730,5
5731,5
5732,5
5733,5
5734,5
5735,3
5736,5
5737,5
5738,1
5739,5
5740,5
5741,5
5742,5
5743,5
5744,5
5745,5
5746,5
5747,5
5748,5
5749,5
5750,5
5751,5
5752,5
5753,5
5754,5
5755,5
5756,5
5757,5
5758,5
5759,5
5760,5
5761,5
5762,5
5763,5
5764,5
5765,5
5766,3
5767,3
5768,3
5769,3
5770,3
5771,3
5772,3
5773,3
5774,3
5775,3
5776,3
5777,3
5778,3
5779,3
5780,1
5781,1
5782,1
5783,1
5784,1
5785,1
5786,1
5787,5
5788,5
5789,5
5790,5
5791,5
5792,5
5793,5
5794,5
5795,5
5796,7
5797,1
5798,1
5799,5
5800,5
5801,5
5802,5
5803,5
5804,5
5805,3
5806,3
5807,3
5808,3
5809,3
5810,3
5811,3
5812,3
5813,3
5814,3
5815,6
5816,6
5817,6
5818,6
5819,6
5820,6
5821,6
5822,6
5823,6
5824,6
5825,6
5826,6
5827,6
5828,6
5829,5
5830,5
5831,4
5832,3
5833,6
5834,6
5835,5
5836,5
5837,6
5838,5
5839,5
5840,5
5841,5
5842,5
5843,5
5844,5
5845,5
5846,5
5847,5
5848,1
5849,1
5850,1
5851,5
5852,1
5853,1
5854,1
5855,1
5856,1
5857,1
5858,1
5859,1
5860,1
5861,1
5862,5
5863,5
5864,5
5865,5
5866,5
5867,5
5868,5
5869,5
5870,5
5871,5
5872,5
5873,5
5874,5
5875,5
5876,5
5877,3
5878,5
5879,5
5880,3
5881,3
5882,3
5883,3
5884,3
5885,3
5886,3
5887,3
5888,3
5889,3
5890,3
5891,3
5892,3
5893,3
5894,3
5895,3
5896,3
5897,6
5898,5
5899,5
5900,5
5901,5
5902,5
5903,5
5904,5
5905,5
5906,5
5907,5
5908,7
5909,1
5910,1
5911,5
5912,5
5913,5
5914,5
5915,5
5916,5
5917,5
5918,5
5919,5
5920,5
5921,5
5922,1
5923,5
5924,5
5925,5
5926,5
5927,5
5928,5
5929,5
5930,5
5931,5
5932,5
5933,5
5934,5
5935,5
5936,5
5937,5
5938,5
5939,5
5940,5
5941,5
5942,5
5943,5
5944,5
5945,5
5946,5
5947,5
5948,5
5949,5
5950,5
5951,3
5952,5
5953,3
5954,3
5955,3
5956,3
5957,3
5958,3
5959,3
5960,3
5961,3
5962,3
5963,3
5964,3
5965,3
5966,3
5967,1
5968,1
5969,1
5970,1
5971,1
5972,1
5973,1
5974,1
5975,1
5976,5
5977,5
5978,5
5979,5
5980,5
5981,5
5982,5
5983,5
5984,5
5985,5
5986,5
5987,5
5988,5
5989,5
5990,5
5991,5
5992,5
5993,3
5994,3
5995,3
5996,3
5997,3
5998,3
5999,3
6000,3
6001,3
6002,3
6003,6
6004,6
6005,6
6006,6
6007,6
6008,6
6009,6
6010,6
6011,6
6012,6
6013,6
6014,6
6015,5
6016,4
6017,1
6018,1
6019,6
6020,1
6021,1
6022,1
6023,1
6024,1
6025,1
6026,5
6027,5
6028,5
6029,5
6030,5
6031,5
6032,5
6033,5
6034,5
6035,5
6036,5
6037,5
6038,5
6039,5
6040,5
6041,5
6042,5
6043,5
6044,5
6045,5
6046,5
6047,5
6048,5
6049,5
6050,5
6051,5
6052,5
6053,5
6054,5
6055,5
6056,5
6057,5
6058,5
6059,5
6060,5
6061,5
6062,5
6063,5
6064,3
6065,5
6066,3
6067,3
6068,3
6069,3
6070,3
6071,3
6072,3
6073,3
6074,7
6075,1
6076,3
6077,3
6078,3
6079,3
6080,3
6081,3
6082,3
6083,6
6084,5
6085,5
6086,5
6087,5
6088,5
6089,5
6090,5
6091,5
6092,5
6093,5
6094,5
6095,5
6096,5
6097,5
6098,5
6099,5
6100,5
6101,5
6102,5
6103,5
6104,5
6105,3
6106,3
6107,3
6108,3
6109,3
6110,3
6111,3
6112,3
6113,3
6114,3
6115,6
6116,6
6117,6
6118,6
6119,6
6120,6
6121,6
6122,6
6123,6
6124,6
6125,6
6126,6
6127,6
6128,6
6129,1
6130,5
6131,4
6132,1
6133,1
6134,6
6135,1
6136,1
6137,1
6138,1
6139,1
6140,1
6141,5
6142,5
6143,5
6144,5
6145,3
6146,5
6147,5
6148,5
6149,5
6150,5
6151,5
6152,5
6153,5
6154,5
6155,5
6156,5
6157,5
6158,5
6159,5
6160,5
6161,5
6162,5
6163,5
6164,5
6165,5
6166,5
6167,5
6168,5
6169,5
6170,5
6171,5
6172,5
6173,5
6174,5
6175,5
6176,5
6177,5
6178,3
6179,5
6180,3
6181,3
6182,3
6183,3
6184,3
6185,7
6186,1
6187,3
6188,3
6189,3
6190,3
6191,3
6192,3
6193,3
6194,3
6195,3
6196,5
6197,5
6198,5
6199,5
6200,5
6201,5
6202,5
6203,5
6204,5
6205,5
6206,5
6207,5
6208,5
6209,5
6210,5
6211,5
6212,5
6213,5
6214,5
6215,5
6216,5
6217,3
6218,3
6219,3
6220,3
6221,3
6222,3
6223,3
6224,3
6225,3
6226,3
6227,3
6228,6
6229,6
6230,6
6231,6
6232,6
6233,6
6234,6
6235,6
6236,6
6237,6
6238,6
6239,6
6240,6
6241,5
6242,5
6243,4
6244,3
6245,6
6246,6
6247,5
6248,5
6249,6
6250,5
6251,5
6252,5
6253,5
6254,7
6255,1
6256,1
6257,5
6258,5
6259,5
6260,5
6261,5
6262,5
6263,5
6264,5
6265,5
6266,5
6267,5
6268,5
6269,5
6270,5
6271,5
6272,5
6273,5
6274,5
6275,5
6276,5
6277,5
6278,5
6279,5
6280,5
6281,5
6282,5
6283,5
6284,5
6285,5
6286,5
6287,5
6288,5
6289,5
6290,5
6291,5
6292,3
6293,3
6294,3
6295,3
6296,3
6297,3
6298,3
6299,3
6300,3
6301,3
6302,3
6303,3
6304,3
6305,3
6306,3
6307,3
6308,3
6309,1
6310,1
6311,1
6312,1
6313,1
6314,1
6315,1
6316,1
6317,1
6318,1
6319,1
6320,1
6321,5
6322,5
6323,5
6324,5
6325,5
6326,5
6327,5
6328,5
6329,5
6330,5
6331,5
6332,3
6333,3
6334,3
6335,3
6336,3
6337,3
6338,3
6339,3
6340,3
6341,6
6342,6
6343,6
6344,6
6345,6
6346,6
6347,6
6348,6
6349,6
6350,6
6351,5
6352,4
6353,3
6354,3
6355,6
6356,5
6357,5
6358,6
6359,5
6360,5
6361,5
6362,5
6363,3
6364,3
6365,3
6366,3
6367,7
6368,1
6369,1
6370,3
6371,3
6372,3
6373,3
6374,3
6375,3
6376,3
6377,3
6378,3
6379,3
6380,3
6381,5
6382,5
6383,5
6384,5
6385,5
6386,5
6387,5
6388,5
6389,5
6390,5
6391,5
6392,5
6393,5
6394,5
6395,5
6396,5
6397,5
6398,5
6399,5
6400,5
6401,5
6402,5
6403,5
6404,3
6405,3
6406,3
6407,3
6408,3
6409,3
6410,3
6411,3
6412,3
6413,3
6414,6
6415,6
6416,6
6417,6
6418,6
6419,6
6420,6
6421,6
6422,6
6423,6
6424,6
6425,6
6426,5
6427,4
6428,3
6429,3
6430,6
6431,5
6432,3
6433,5
6434,5
6435,3
6436,5
6437,5
6438,5
6439,5
6440,5
6441,5
6442,5
6443,5
6444,5
6445,7
6446,1
6447,1
6448,5
6449,5
6450,5
6451,5
6452,5
6453,5
6454,5
6455,5
6456,5
6457,5
6458,5
6459,5
6460,5
6461,5
6462,5
6463,5
6464,5
6465,5
6466,5
6467,5
6468,5
6469,5
6470,5
6471,5
6472,5
6473,5
6474,3
6475,3
6476,3
6477,3
6478,3
6479,3
6480,3
6481,3
6482,3
6483,3
6484,3
6485,3
6486,3
6487,3
6488,3
6489,3
6490,3
6491,3
6492,6
6493,5
6494,5
6495,5
6496,5
6497,5
6498,5
6499,5
6500,5
6501,5
6502,5
6503,5
6504,1
6505,1
6506,1
6507,1
6508,1
6509,1
6510,1
6511,1
6512,1
6513,5
6514,5
6515,5
6516,3
6517,3
6518,3
6519,3
6520,3
6521,3
6522,3
6523,3
6524,3
6525,3
6526,3
6527,6
6528,6
6529,6
6530,6
6531,6
6532,6
6533,6
6534,6
6535,6
6536,6
6537,6
6538,5
6539,4
6540,3
6541,3
6542,6
6543,5
6544,5
6545,6
6546,5
6547,5
6548,5
6549,5
6550,5
6551,5
6552,5
6553,5
6554,5
6555,5
6556,5
6557,5
6558,5
6559,7
6560,7
6561,1
6562,5
6563,5
6564,5
6565,5
6566,5
6567,5
6568,5
6569,5
6570,5
6571,5
6572,5
6573,1
6574,5
6575,5
6576,5
6577,5
6578,5
6579,5
6580,5
6581,5
6582,5
6583,5
6584,5
6585,5
6586,5
6587,5
6588,5
6589,3
6590,3
6591,3
6592,3
6593,3
6594,3
6595,3
6596,3
6597,3
6598,3
6599,3
6600,3
6601,3
6602,3
6603,3
6604,3
6605,3
6606,3
6607,3
6608,5
6609,5
6610,5
6611,5
6612,5
6613,5
6614,1
6615,1
6616,1
6617,1
6618,1
6619,1
6620,1
6621,1
6622,1
6623,1
6624,5
6625,5
6626,5
6627,5
6628,5
6629,7
6630,1
6631,1
6632,3
6633,3
6634,3
6635,3
6636,3
6637,3
6638,3
6639,3
6640,3
6641,6
6642,6
6643,6
6644,6
6645,6
6646,6
6647,6
6648,6
6649,6
6650,6
6651,6
6652,4
6653,3
6654,3
6655,3
6656,6
6657,5
6658,5
6659,5
6660,5
6661,5
6662,5
6663,5
6664,5
6665,5
6666,5
6667,5
6668,5
6669,5
6670,5
6671,5
6672,5
6673,5
6674,5
6675,5
6676,5
6677,5
6678,5
6679,5
6680,5
6681,5
6682,5
6683,5
6684,5
6685,5
6686,5
6687,5
6688,1
6689,1
6690,1
6691,1
6692,1
6693,1
6694,1
6695,1
6696,1
6697,1
6698,5
6699,5
6700,5
6701,5
6702,5
6703,3
6704,3
6705,5
6706,3
6707,3
6708,3
6709,3
6710,3
6711,3
6712,3
6713,3
6714,3
6715,3
6716,3
6717,3
6718,3
6719,3
6720,6
6721,5
6722,5
6723,5
6724,5
6725,5
6726,5
6727,5
6728,5
6729,5
6730,5
6731,5
6732,5
6733,5
6734,5
6735,5
6736,5
6737,5
6738,5
6739,5
6740,5
6741,5
6742,5
6743,3
6744,3
6745,7
6746,1
6747,3
6748,3
6749,3
6750,3
6751,3
6752,3
6753,6
6754,6
6755,6
6756,6
6757,6
6758,6
6759,6
6760,6
6761,6
6762,6
6763,6
6764,5
6765,4
6766,3
6767,6
6768,5
6769,5
6770,6
6771,5
6772,3
6773,5
6774,5
6775,5
6776,5
6777,5
6778,5
6779,5
6780,5
6781,5
6782,4
6783,3
6784,3
6785,3
6786,3
6787,3
6788,3
6789,3
6790,3
6791,6
6792,5
6793,5
6794,5
6795,5
6796,5
6797,5
6798,5
6799,5
6800,5
6801,5
6802,5
6803,1
6804,1
6805,1
6806,1
6807,1
6808,1
6809,1
6810,1
6811,1
6812,1
6813,5
6814,5
6815,3
6816,3
6817,3
6818,3
6819,3
6820,3
6821,3
6822,3
6823,3
6824,3
6825,3
6826,6
6827,6
6828,6
6829,6
6830,6
6831,6
6832,6
6833,6
6834,6
6835,6
6836,6
6837,5
6838,4
6839,3
6840,3
6841,6
6842,5
6843,5
6844,6
6845,5
6846,3
6847,5
6848,5
6849,5
6850,7
6851,1
6852,1
6853,5
6854,5
6855,5
6856,5
6857,5
6858,5
6859,5
6860,5
6861,5
6862,5
6863,5
6864,5
6865,5
6866,5
6867,5
6868,1
6869,1
6870,1
6871,1
6872,1
6873,1
6874,1
6875,1
6876,1
6877,1
6878,1
6879,5
6880,5
6881,5
6882,5
6883,5
6884,5
6885,5
6886,3
6887,5
6888,5
6889,3
6890,3
6891,3
6892,3
6893,3
6894,3
6895,3
6896,3
6897,3
6898,3
6899,3
6900,3
6901,3
6902,3
6903,3
6904,3
6905,3
6906,5
6907,5
6908,5
6909,5
6910,5
6911,5
6912,5
6913,5
6914,5
6915,5
6916,5
6917,5
6918,5
6919,5
6920,5
6921,5
6922,5
6923,5
6924,5
6925,7
6926,1
6927,1
6928,5
6929,3
6930,3
6931,3
6932,3
6933,3
6934,3
6935,3
6936,3
6937,3
6938,3
6939,3
6940,3
6941,6
6942,6
6943,6
6944,6
6945,6
6946,6
6947,6
6948,6
6949,6
6950,6
6951,6
6952,5
6953,4
6954,3
6955,3
6956,6
6957,5
6958,3
6959,6
6960,5
6961,5
6962,5
6963,5
6964,5
6965,5
6966,5
6967,5
6968,5
6969,5
6970,5
6971,5
6972,5
6973,5
6974,5
6975,5
6976,5
6977,5
6978,5
6979,5
6980,1
6981,1
6982,1
6983,1
6984,1
6985,1
6986,1
6987,1
6988,1
6989,1
6990,1
6991,1
6992,5
6993,5
6994,5
6995,5
6996,5
6997,5
6998,5
6999,5
7000,5
7001,5
7002,3
7003,3
7004,3
7005,3
7006,3
7007,3
7008,3
7009,3
7010,3
7011,3
7012,3
7013,3
7014,3
7015,3
7016,3
7017,3
7018,3
7019,3
7020,3
7021,5
7022,5
7023,5
7024,5
7025,5
7026,5
7027,5
7028,5
7029,5
7030,5
7031,5
7032,5
7033,5
7034,5
7035,5
7036,5
7037,5
7038,5
7039,7
7040,1
7041,5
7042,5
7043,3
7044,3
7045,3
7046,3
7047,3
7048,3
7049,3
7050,3
7051,3
7052,3
7053,3
7054,3
7055,6
7056,6
7057,6
7058,6
7059,6
7060,6
7061,6
7062,6
7063,6
7064,6
7065,5
7066,4
7067,5
7068,3
7069,6
7070,5
7071,3
7072,5
7073,5
7074,3
7075,5
7076,5
7077,5
7078,5
7079,5
7080,5
7081,5
7082,5
7083,5
7084,5
7085,5
7086,5
7087,5
7088,5
7089,5
7090,5
7091,5
7092,5
7093,5
7094,5
7095,5
7096,5
7097,5
7098,5
7099,5
7100,5
7101,5
7102,5
7103,5
7104,5
7105,5
7106,5
7107,5
7108,5
7109,7
7110,7
7111,1
7112,5
7113,5
7114,5
7115,5
7116,5
7117,5
7118,5
7119,3
7120,3
7121,3
7122,3
7123,3
7124,3
7125,3
7126,3
7127,3
7128,3
7129,3
7130,3
7131,3
7132,3
7133,3
7134,3
7135,3
7136,3
7137,5
7138,5
7139,5
7140,5
7141,5
7142,5
7143,5
7144,5
7145,5
7146,5
7147,5
7148,5
7149,5
7150,5
7151,5
7152,5
7153,5
7154,5
7155,5
7156,5
7157,5
7158,5
7159,5
7160,3
7161,3
7162,3
7163,3
7164,3
7165,3
7166,3
7167,1
7168,1
7169,1
7170,1
7171,1
7172,1
7173,1
7174,1
7175,6
7176,6
7177,6
7178,6
7179,6
7180,6
7181,5
7182,4
7183,3
7184,3
7185,6
7186,5
7187,5
7188,3
7189,6
7190,5
7191,5
7192,5
7193,5
7194,5
7195,5
7196,5
7197,5
7198,5
7199,5
7200,5
7201,5
7202,5
7203,5
7204,5
7205,5
7206,5
7207,5
7208,5
7209,5
7210,5
7211,5
7212,5
7213,5
7214,5
7215,5
7216,5
7217,5
7218,5
7219,5
7220,5
7221,7
7222,1
7223,1
7224,5
7225,5
7226,5
7227,5
7228,5
7229,3
7230,5
7231,3
7232,3
7233,3
7234,3
7235,3
7236,3
7237,3
7238,3
7239,6
7240,6
7241,6
7242,6
7243,6
7244,6
7245,6
7246,6
7247,6
7248,6
7249,6
7250,6
7251,6
7252,6
7253,5
7254,4
7255,5
7256,3
7257,6
7258,5
7259,3
7260,6
7261,5
7262,3
7263,5
7264,5
7265,5
7266,5
7267,5
7268,5
7269,5
7270,5
7271,5
7272,5
7273,5
7274,5
7275,5
7276,1
7277,1
7278,5
7279,7
7280,1
7281,1
7282,5
7283,5
7284,5
7285,5
7286,5
7287,5
7288,5
7289,5
7290,5
7291,5
7292,5
7293,5
7294,5
7295,5
7296,5
7297,5
7298,5
7299,5
7300,5
7301,5
7302,5
7303,5
7304,5
7305,1
7306,3
7307,3
7308,3
7309,3
7310,3
7311,3
7312,3
7313,3
7314,3
7315,3
7316,3
7317,3
7318,3
7319,3
7320,3
7321,5
7322,5
7323,5
7324,5
7325,5
7326,5
7327,5
7328,5
7329,5
7330,5
7331,5
7332,5
7333,5
7334,5
7335,5
7336,5
7337,5
7338,5
7339,5
7340,5
7341,5
7342,5
7343,5
7344,5
7345,3
7346,3
7347,1
7348,1
7349,1
7350,1
7351,1
7352,1
7353,1
7354,1
7355,1
7356,6
7357,6
7358,6
7359,6
7360,6
7361,6
7362,6
7363,6
7364,6
7365,5
7366,4
7367,5
7368,3
7369,3
7370,6
7371,5
7372,5
7373,5
7374,5
7375,5
7376,5
7377,5
7378,5
7379,5
7380,5
7381,5
7382,5
7383,5
7384,5
7385,5
7386,5
7387,5
7388,5
7389,5
7390,5
7391,5
7392,5
7393,5
7394,5
7395,5
7396,5
7397,5
7398,5
7399,5
7400,5
7401,5
7402,5
7403,5
7404,7
7405,1
7406,1
7407,5
7408,5
7409,5
7410,5
7411,5
7412,5
7413,5
7414,5
7415,5
7416,3
7417,1
7418,3
7419,3
7420,3
7421,3
7422,3
7423,3
7424,3
7425,3
7426,3
7427,3
7428,3
7429,3
7430,3
7431,3
7432,3
7433,3
7434,6
7435,5
7436,3
7437,5
7438,5
7439,5
7440,5
7441,5
7442,5
7443,5
7444,5
7445,5
7446,5
7447,5
7448,5
7449,5
7450,5
7451,5
7452,5
7453,5
7454,5
7455,5
7456,5
7457,5
7458,5
7459,3
7460,3
7461,1
7462,1
7463,1
7464,1
7465,1
7466,1
7467,1
7468,1
7469,1
7470,1
7471,6
7472,6
7473,6
7474,6
7475,6
7476,6
7477,6
7478,6
7479,6
7480,6
7481,5
7482,4
7483,3
7484,3
7485,6
7486,5
7487,5
7488,3
7489,5
7490,5
7491,5
7492,5
7493,1
7494,5
7495,5
7496,5
7497,5
7498,5
7499,5
7500,5
7501,5
7502,5
7503,5
7504,5
7505,5
7506,5
7507,5
7508,5
7509,5
7510,5
7511,5
7512,5
7513,5
7514,5
7515,5
7516,5
7517,5
7518,5
7519,5
7520,5
7521,5
7522,5
7523,5
7524,5
7525,5
7526,5
7527,5
7528,5
7529,5
7530,5
7531,5
7532,5
7533,3
7534,3
7535,3
7536,3
7537,1
7538,1
7539,1
7540,1
7541,1
7542,1
7543,1
7544,1
7545,1
7546,1
7547,3
7548,3
7549,5
7550,5
7551,5
7552,5
7553,5
7554,5
7555,5
7556,5
7557,5
7558,5
7559,5
7560,5
7561,5
7562,5
7563,5
7564,5
7565,5
7566,5
7567,5
7568,5
7569,5
7570,5
7571,5
7572,5
7573,3
7574,3
7575,3
7576,3
7577,3
7578,3
7579,3
7580,3
7581,3
7582,3
7583,6
7584,6
7585,6
7586,6
7587,6
7588,6
7589,6
7590,6
7591,6
7592,6
7593,7
7594,1
7595,1
7596,4
7597,3
7598,3
7599,6
7600,5
7601,3
7602,6
7603,5
7604,5
7605,5
7606,5
7607,5
7608,5
7609,5
7610,5
7611,5
7612,5
7613,5
7614,5
7615,5
7616,5
7617,5
7618,5
7619,5
7620,5
7621,5
7622,5
7623,5
7624,5
7625,5
7626,5
7627,5
7628,5
7629,5
7630,5
7631,5
7632,5
7633,5
7634,5
7635,5
7636,5
7637,5
7638,5
7639,5
7640,5
7641,5
7642,5
7643,5
7644,5
7645,5
7646,5
7647,1
7648,1
7649,1
7650,1
7651,1
7652,1
7653,1
7654,1
7655,1
7656,1
7657,3
7658,3
7659,3
7660,3
7661,3
7662,6
7663,5
7664,3
7665,5
7666,5
7667,5
7668,5
7669,5
7670,5
7671,5
7672,5
7673,4
7674,5
7675,5
7676,5
7677,5
7678,5
7679,5
7680,5
7681,5
7682,5
7683,5
7684,5
7685,5
7686,5
7687,5
7688,5
7689,5
7690,5
7691,5
7692,5
7693,5
7694,5
7695,5
7696,5
7697,5
7698,5
7699,5
7700,5
7701,5
7702,5
7703,5
7704,5
7705,5
7706,5
7707,5
7708,5
7709,5
7710,5
7711,5
7712,5
7713,5
7714,5
7715,5
7716,5
7717,5
7718,5
7719,5
7720,3
7721,5
7722,3
7723,3
7724,1
7725,1
7726,1
7727,1
7728,1
7729,1
7730,1
7731,1
7732,1
7733,3
7734,3
7735,3
7736,3
7737,3
7738,5
7739,5
7740,5
7741,5
7742,5
7743,5
7744,5
7745,5
7746,5
7747,5
7748,5
7749,5
7750,5
7751,5
7752,5
7753,5
7754,5
7755,5
7756,5
7757,5
7758,5
7759,5
7760,5
7761,3
7762,3
7763,3
7764,3
7765,3
7766,3
7767,3
7768,3
7769,3
7770,3
7771,6
7772,6
7773,6
7774,6
7775,6
7776,6
7777,6
7778,6
7779,7
7780,7
7781,1
7782,6
7783,5
7784,4
7785,3
7786,3
7787,6
7788,5
7789,5
7790,5
7791,5
7792,5
7793,5
7794,5
7795,5
7796,5
7797,5
7798,5
7799,5
7800,5
7801,5
7802,5
7803,5
7804,5
7805,5
7806,5
7807,5
7808,5
7809,5
7810,5
7811,5
7812,5
7813,5
7814,5
7815,5
7816,5
7817,5
7818,5
7819,5
7820,5
7821,5
7822,5
7823,5
7824,5
7825,5
7826,5
7827,5
7828,5
7829,5
7830,5
7831,5
7832,5
7833,5
7834,1
7835,1
7836,1
7837,1
7838,1
7839,1
7840,1
7841,1
7842,1
7843,1
7844,1
7845,3
7846,3
7847,3
7848,3
7849,3
7850,3
7851,3
7852,5
7853,5
7854,5
7855,5
7856,5
7857,5
7858,5
7859,5
7860,5
7861,5
7862,5
7863,5
7864,5
7865,5
7866,7
7867,5
7868,5
7869,5
7870,5
7871,5
7872,5
7873,5
7874,5
7875,3
7876,3
7877,3
7878,3
7879,3
7880,3
7881,3
7882,3
7883,3
7884,3
7885,3
7886,6
7887,6
7888,6
7889,6
7890,6
7891,6
7892,6
7893,6
7894,6
7895,6
7896,6
7897,5
7898,4
7899,3
7900,3
7901,6
7902,5
7903,5
7904,6
7905,5
7906,5
7907,5
7908,5
7909,5
7910,1
7911,1
7912,1
7913,1
7914,1
7915,1
7916,1
7917,1
7918,1
7919,1
7920,1
7921,5
7922,5
7923,5
7924,5
7925,5
7926,5
7927,5
7928,5
7929,5
7930,5
7931,5
7932,5
7933,5
7934,5
7935,5
7936,5
7937,5
7938,5
7939,5
7940,5
7941,5
7942,5
7943,5
7944,5
7945,5
7946,5
7947,5
7948,3
7949,5
7950,3
7951,3
7952,3
7953,3
7954,3
7955,3
7956,3
7957,3
7958,3
7959,3
7960,3
7961,3
7962,3
7963,3
7964,5
7965,5
7966,5
7967,7
7968,1
7969,1
7970,5
7971,5
7972,5
7973,5
7974,5
7975,5
7976,5
7977,5
7978,5
7979,5
7980,5
7981,5
7982,5
7983,5
7984,5
7985,5
7986,5
7987,5
7988,3
7989,3
7990,3
7991,3
7992,3
7993,3
7994,3
7995,3
7996,3
7997,3
7998,6
7999,6
8000,6
8001,6
8002,6
8003,6
8004,6
8005,6
8006,6
8007,6
8008,6
8009,5
8010,4
8011,5
8012,3
8013,6
8014,5
8015,5
8016,5
8017,5
8018,5
8019,5
8020,5
8021,5
8022,5
8023,5
8024,5
8025,5
8026,1
8027,1
8028,1
8029,1
8030,1
8031,1
8032,1
8033,1
8034,1
8035,5
8036,5
8037,5
8038,5
8039,5
8040,5
8041,5
8042,5
8043,5
8044,5
8045,5
8046,5
8047,5
8048,5
8049,5
8050,5
8051,5
8052,5
8053,5
8054,5
8055,5
8056,5
8057,5
8058,5
8059,3
8060,5
8061,3
8062,3
8063,3
8064,3
8065,3
8066,3
8067,3
8068,3
8069,3
8070,3
8071,3
8072,3
8073,3
8074,3
8075,3
8076,5
8077,7
8078,5
8079,5
8080,5
8081,5
8082,5
8083,5
8084,5
8085,5
8086,5
8087,5
8088,5
8089,5
8090,5
8091,5
8092,6
8093,5
8094,5
8095,5
8096,5
8097,5
8098,5
8099,1
8100,1
8101,1
8102,1
8103,1
8104,1
8105,1
8106,1
8107,1
8108,1
8109,5
8110,5
8111,5
8112,5
8113,5
8114,5
8115,5
8116,5
8117,5
8118,5
8119,5
8120,5
8121,5
8122,5
8123,5
8124,5
8125,5
8126,5
8127,5
8128,5
8129,5
8130,5
8131,5
8132,5
8133,5
8134,5
8135,5
8136,5
8137,3
8138,3
8139,3
8140,3
8141,3
8142,3
8143,3
8144,3
8145,3
8146,3
8147,3
8148,3
8149,3
8150,3
8151,5
8152,5
8153,5
8154,5
8155,7
8156,1
8157,1
8158,5
8159,5
8160,5
8161,5
8162,5
8163,5
8164,5
8165,5
8166,5
8167,5
8168,5
8169,5
8170,5
8171,5
8172,5
8173,5
8174,5
8175,3
8176,3
8177,3
8178,3
8179,3
8180,3
8181,3
8182,3
8183,3
8184,3
8185,6
8186,6
8187,6
8188,6
8189,6
8190,6
8191,6
8192,6
8193,6
8194,6
8195,6
8196,6
8197,5
8198,4
8199,3
8200,3
8201,6
8202,6
8203,5
8204,3
8205,5
8206,5
8207,5
8208,5
8209,5
8210,5
8211,5
8212,5
8213,1
8214,1
8215,1
8216,1
8217,1
8218,1
8219,1
8220,1
8221,1
8222,1
8223,1
8224,5
8225,5
8226,5
8227,5
8228,5
8229,5
8230,5
8231,5
8232,5
8233,5
8234,5
8235,5
8236,5
8237,5
8238,5
8239,5
8240,5
8241,5
8242,5
8243,5
8244,5
8245,5
8246,5
8247,5
8248,5
8249,5
8250,5
8251,3
8252,3
8253,3
8254,3
8255,3
8256,3
8257,3
8258,3
8259,3
8260,3
8261,3
8262,3
8263,3
8264,3
8265,3
8266,3
8267,5
8268,5
8269,5
8270,5
8271,5
8272,5
8273,5
8274,5
8275,5
8276,5
8277,5
8278,5
8279,5
8280,5
8281,5
8282,5
8283,5
8284,5
8285,5
8286,5
8287,5
8288,5
8289,5
8290,3
8291,3
8292,1
8293,1
8294,1
8295,3
8296,1
8297,1
8298,1
8299,1
8300,1
8301,6
8302,6
8303,6
8304,6
8305,6
8306,6
8307,6
8308,6
8309,6
8310,6
8311,5
8312,4
8313,3
8314,3
8315,6
8316,5
8317,5
8318,6
8319,5
8320,5
8321,5
8322,5
8323,5
8324,5
8325,5
8326,5
8327,5
8328,5
8329,5
8330,5
8331,5
8332,5
8333,5
8334,5
8335,5
8336,5
8337,5
8338,5
8339,5
8340,5
8341,5
8342,5
8343,5
8344,5
8345,5
8346,5
8347,5
8348,5
8349,7
8350,1
8351,1
8352,5
8353,5
8354,5
8355,5
8356,5
8357,5
8358,5
8359,5
8360,5
8361,5
8362,5
8363,5
8364,3
8365,3
8366,3
8367,3
8368,3
8369,3
8370,3
8371,3
8372,3
8373,3
8374,3
8375,3
8376,3
8377,3
8378,3
8379,3
8380,5
8381,5
8382,5
8383,5
8384,5
8385,5
8386,5
8387,5
8388,5
8389,5
8390,5
8391,5
8392,5
8393,5
8394,5
8395,5
8396,5
8397,5
8398,5
8399,5
8400,5
8401,5
8402,5
8403,3
8404,3
8405,3
8406,1
8407,1
8408,1
8409,1
8410,1
8411,1
8412,1
8413,1
8414,1
8415,6
8416,6
8417,6
8418,6
8419,6
8420,6
8421,6
8422,6
8423,6
8424,6
8425,5
8426,4
8427,3
8428,3
8429,6
8430,5
8431,5
8432,6
8433,5
8434,5
8435,5
8436,5
8437,5
8438,5
8439,5
8440,5
8441,5
8442,5
8443,5
8444,5
8445,5
8446,5
8447,5
8448,5
8449,5
8450,5
8451,5
8452,5
8453,5
8454,5
8455,5
8456,5
8457,5
8458,5
8459,5
8460,7
8461,1
8462,1
8463,5
8464,5
8465,5
8466,5
8467,5
8468,5
8469,5
8470,5
8471,5
8472,5
8473,5
8474,5
8475,5
8476,5
8477,3
8478,3
8479,3
8480,3
8481,3
8482,3
8483,3
8484,3
8485,3
8486,3
8487,6
8488,6
8489,6
8490,6
8491,6
8492,6
8493,6
8494,6
8495,6
8496,6
8497,6
8498,3
8499,5
8500,5
8501,4
8502,3
8503,6
8504,6
8505,5
8506,3
8507,6
8508,5
8509,5
8510,5
8511,5
8512,5
8513,5
8514,5
8515,3
8516,5
8517,5
8518,5
8519,5
8520,5
8521,5
8522,5
8523,5
8524,5
8525,5
8526,5
8527,5
8528,5
8529,5
8530,5
8531,5
8532,5
8533,5
8534,7
8535,1
8536,1
8537,5
8538,5
8539,5
8540,5
8541,5
8542,5
8543,5
8544,5
8545,5
8546,5
8547,5
8548,1
8549,3
8550,5
8551,3
8552,3
8553,5
8554,3
8555,3
8556,3
8557,3
8558,3
8559,3
8560,3
8561,3
8562,3
8563,5
8564,3
8565,3
8566,3
8567,3
8568,6
8569,5
8570,5
8571,5
8572,5
8573,5
8574,5
8575,5
8576,5
8577,5
8578,5
8579,5
8580,5
8581,5
8582,5
8583,5
8584,5
8585,5
8586,5
8587,5
8588,5
8589,5
8590,5
8591,5
8592,5
8593,3
8594,3
8595,3
8596,3
8597,3
8598,3
8599,3
8600,3
8601,3
8602,6
8603,6
8604,6
8605,6
8606,6
8607,6
8608,6
8609,6
8610,6
8611,6
8612,6
8613,6
8614,5
8615,4
8616,3
8617,3
8618,6
8619,5
8620,5
8621,3
8622,5
8623,5
8624,5
8625,5
8626,5
8627,5
8628,5
8629,5
8630,5
8631,5
8632,5
8633,5
8634,5
8635,5
8636,5
8637,5
8638,5
8639,5
8640,5
8641,5
8642,5
8643,5
8644,5
8645,5
8646,5
8647,5
8648,5
8649,5
8650,5
8651,5
8652,5
8653,5
8654,5
8655,5
8656,5
8657,5
8658,5
8659,7
8660,1
8661,1
8662,3
8663,5
8664,5
8665,5
8666,3
8667,3
8668,3
8669,3
8670,3
8671,3
8672,3
8673,3
8674,3
8675,3
8676,3
8677,3
8678,3
8679,3
8680,3
8681,5
8682,5
8683,5
8684,5
8685,5
8686,5
8687,5
8688,5
8689,5
8690,5
8691,5
8692,5
8693,5
8694,5
8695,5
8696,5
8697,5
8698,5
8699,5
8700,5
8701,5
8702,5
8703,5
8704,7
8705,3
8706,3
8707,3
8708,3
8709,3
8710,3
8711,3
8712,3
8713,3
8714,3
8715,3
8716,6
8717,6
8718,6
8719,6
8720,6
8721,6
8722,6
8723,6
8724,6
8725,6
8726,6
8727,6
8728,5
8729,5
8730,4
8731,3
8732,6
8733,6
8734,5
8735,3
8736,6
8737,5
8738,3
8739,5
8740,5
8741,5
8742,5
8743,5
8744,5
8745,5
8746,3
8747,5
8748,5
8749,5
8750,5
8751,5
8752,5
8753,5
8754,5
8755,5
8756,5
8757,5
8758,5
8759,5
8760,5
8761,7
8762,1
8763,1
8764,5
8765,5
8766,5
8767,5
8768,5
8769,5
8770,5
8771,5
8772,5
8773,5
8774,5
8775,5
8776,1
8777,5
8778,5
8779,3
8780,3
8781,3
8782,3
8783,3
8784,3
8785,3
8786,3
8787,3
8788,3
8789,3
8790,3
8791,3
8792,3
8793,3
8794,5
8795,5
8796,5
8797,5
8798,5
8799,5
8800,5
8801,5
8802,5
8803,5
8804,5
8805,5
8806,5
8807,5
8808,5
8809,5
8810,5
8811,5
8812,5
8813,5
8814,5
8815,5
8816,5
8817,5
8818,5
8819,3
8820,3
8821,3
8822,3
8823,3
8824,3
8825,3
8826,3
8827,3
8828,3
8829,3
8830,6
8831,6
8832,6
8833,6
8834,6
8835,6
8836,6
8837,6
8838,6
8839,6
8840,6
8841,4
8842,5
8843,3
8844,6
8845,5
8846,5
8847,5
8848,5
8849,5
8850,5
8851,5
8852,5
8853,5
8854,5
8855,5
8856,5
8857,5
8858,5
8859,5
8860,5
8861,5
8862,5
8863,5
8864,5
8865,5
8866,5
8867,5
8868,5
8869,5
8870,5
8871,5
8872,5
8873,5
8874,5
8875,5
8876,5
8877,5
8878,5
8879,5
8880,5
8881,5
8882,5
8883,5
8884,5
8885,5
8886,5
8887,5
8888,5
8889,5
8890,5
8891,5
8892,5
8893,3
8894,3
8895,3
8896,3
8897,3
8898,3
8899,3
8900,3
8901,6
8902,3
8903,3
8904,3
8905,3
8906,3
8907,3
8908,3
8909,5
8910,5
8911,5
8912,5
8913,6
8914,6
8915,5
8916,4
8917,3
8918,3
8919,6
8920,5
8921,5
8922,3
8923,6
8924,5
8925,3
8926,5
8927,5
8928,5
8929,5
8930,5
8931,5
8932,5
8933,5
8934,5
8935,5
8936,5
8937,5
8938,5
8939,5
8940,5
8941,5
8942,5
8943,5
8944,5
8945,5
8946,5
8947,5
8948,5
8949,5
8950,5
8951,5
8952,5
8953,5
8954,5
8955,5
8956,5
8957,5
8958,5
8959,5
8960,5
8961,5
8962,5
8963,5
8964,5
8965,5
8966,5
8967,5
8968,5
8969,3
8970,3
8971,3
8972,5
8973,3
8974,3
8975,3
8976,3
8977,3
8978,3
8979,3
8980,3
8981,3
8982,3
8983,3
8984,3
8985,5
8986,5
8987,5
8988,5
8989,5
8990,5
8991,5
8992,5
8993,5
8994,5
8995,5
8996,5
8997,5
8998,5
8999,5
9000,5
9001,5
9002,5
9003,5
9004,5
9005,5
9006,5
9007,5
9008,5
9009,3
9010,3
9011,3
9012,3
9013,3
9014,3
9015,3
9016,3
9017,3
9018,3
9019,6
9020,6
9021,6
9022,6
9023,6
9024,6
9025,6
9026,6
9027,6
9028,6
9029,6
9030,5
9031,4
9032,3
9033,3
9034,6
9035,5
9036,5
9037,5
9038,5
9039,5
9040,5
9041,5
9042,5
9043,5
9044,5
9045,5
9046,5
9047,5
9048,5
9049,5
9050,5
9051,5
9052,5
9053,5
9054,5
9055,5
9056,5
9057,5
9058,5
9059,5
9060,5
9061,5
9062,5
9063,5
9064,5
9065,7
9066,1
9067,1
9068,5
9069,5
9070,5
9071,5
9072,5
9073,5
9074,5
9075,5
9076,5
9077,5
9078,5
9079,5
9080,5
9081,5
9082,5
9083,5
9084,3
9085,3
9086,3
9087,3
9088,3
9089,3
9090,3
9091,3
9092,3
9093,3
9094,3
9095,3
9096,3
9097,3
9098,3
9099,5
9100,3
9101,5
9102,5
9103,5
9104,5
9105,5
9106,5
9107,5
9108,5
9109,5
9110,5
9111,5
9112,5
9113,5
9114,5
9115,5
9116,5
9117,5
9118,5
9119,5
9120,5
9121,5
9122,5
9123,3
9124,3
9125,3
9126,3
9127,3
9128,3
9129,3
9130,3
9131,3
9132,3
9133,3
9134,6
9135,6
9136,6
9137,6
9138,6
9139,6
9140,6
9141,6
9142,6
9143,6
9144,5
9145,4
9146,5
9147,3
9148,6
9149,5
9150,5
9151,5
9152,5
9153,5
9154,5
9155,5
9156,5
9157,5
9158,5
9159,5
9160,5
9161,5
9162,5
9163,5
9164,5
9165,5
9166,5
9167,5
9168,5
9169,5
9170,5
9171,5
9172,5
9173,5
9174,5
9175,5
9176,5
9177,5
9178,5
9179,5
9180,5
9181,5
9182,5
9183,5
9184,5
9185,5
9186,5
9187,5
9188,5
9189,5
9190,5
9191,5
9192,5
9193,5
9194,5
9195,5
9196,5
9197,5
9198,5
9199,3
9200,5
9201,5
9202,3
9203,3
9204,5
9205,3
9206,3
9207,3
9208,3
9209,3
9210,3
9211,3
9212,3
9213,3
9214,5
9215,3
9216,5
9217,5
9218,5
9219,5
9220,5
9221,5
9222,5
9223,5
9224,5
9225,5
9226,5
9227,5
9228,5
9229,5
9230,5
9231,5
9232,5
9233,5
9234,5
9235,5
9236,5
9237,5
9238,5
9239,5
9240,5
9241,3
9242,3
9243,3
9244,3
9245,3
9246,3
9247,3
9248,3
9249,3
9250,3
9251,6
9252,6
9253,6
9254,6
9255,6
9256,6
9257,6
9258,6
9259,6
9260,6
9261,5
9262,4
9263,3
9264,3
9265,6
9266,6
9267,5
9268,3
9269,5
9270,5
9271,5
9272,5
9273,5
9274,5
9275,5
9276,5
9277,5
9278,5
9279,5
9280,5
9281,5
9282,5
9283,5
9284,5
9285,7
9286,5
9287,5
9288,5
9289,5
9290,5
9291,5
9292,5
9293,5
9294,5
9295,5
9296,5
9297,5
9298,5
9299,5
9300,5
9301,5
9302,5
9303,5
9304,5
9305,5
9306,5
9307,5
9308,5
9309,5
9310,5
9311,5
9312,5
9313,5
9314,3
9315,3
9316,3
9317,3
9318,5
9319,3
9320,3
9321,3
9322,3
9323,3
9324,3
9325,3
9326,3
9327,6
9328,6
9329,6
9330,6
9331,6
9332,6
9333,6
9334,6
9335,6
9336,6
9337,6
9338,6
9339,5
9340,4
9341,3
9342,3
9343,6
9344,5
9345,5
9346,3
9347,5
9348,5
9349,5
9350,5
9351,5
9352,5
9353,5
9354,5
9355,5
9356,5
9357,5
9358,5
9359,5
9360,5
9361,5
9362,5
9363,5
9364,5
9365,5
9366,5
9367,5
9368,5
9369,5
9370,5
9371,5
9372,5
9373,5
9374,5
9375,5
9376,5
9377,5
9378,5
9379,5
9380,5
9381,5
9382,5
9383,5
9384,5
9385,5
9386,5
9387,5
9388,5
9389,7
9390,1
9391,5
9392,5
9393,5
9394,5
9395,5
9396,3
9397,5
9398,5
9399,5
9400,3
9401,3
9402,3
9403,3
9404,3
9405,3
9406,3
9407,3
9408,3
9409,3
9410,5
9411,5
9412,5
9413,5
9414,5
9415,5
9416,5
9417,5
9418,5
9419,5
9420,5
9421,5
9422,5
9423,5
9424,5
9425,5
9426,5
9427,5
9428,5
9429,5
9430,5
9431,5
9432,5
9433,5
9434,5
9435,5
9436,5
9437,3
9438,3
9439,3
9440,3
9441,3
9442,3
9443,3
9444,3
9445,3
9446,3
9447,3
9448,6
9449,6
9450,6
9451,6
9452,6
9453,6
9454,6
9455,7
9456,6
9457,6
9458,6
9459,5
9460,4
9461,3
9462,3
9463,6
9464,5
9465,5
9466,5
9467,5
9468,5
9469,5
9470,5
9471,5
9472,5
9473,5
9474,5
9475,5
9476,5
9477,5
9478,5
9479,5
9480,5
9481,5
9482,5
9483,5
9484,5
9485,5
9486,5
9487,5
9488,5
9489,5
9490,5
9491,5
9492,5
9493,5
9494,5
9495,5
9496,5
9497,5
9498,5
9499,5
9500,5
9501,5
9502,5
